patient_amka,first_name,last_name,phone_number,email
30000000002,Sofia,Papadopoulos,2171401401,sofia.papadopoulos2029@contact.example
30000000002,Evangelia,Konstantinou,2139325012,evangelia.konstantinou4545@contact.example
30000000003,Maria,Petrou,2192712566,maria.petrou3511@contact.example
30000000003,Eleni,Dimitriou,2161517182,eleni.dimitriou8124@contact.example
30000000004,Vasiliki,Petrou,2120716781,vasiliki.petrou1954@contact.example
30000000005,Ioanna,Konstantinou,2194657967,ioanna.konstantinou8380@contact.example
30000000005,Spyros,Georgiou,2171147732,spyros.georgiou487@contact.example
30000000006,Maria,Pavlidis,2148588006,maria.pavlidis1952@contact.example
30000000007,Vasiliki,Pavlidis,2197782806,vasiliki.pavlidis4316@contact.example
30000000007,Maria,Konstantinou,2169545009,maria.konstantinou740@contact.example
30000000008,Dimitris,Alexiou,2114152085,dimitris.alexiou613@contact.example
30000000008,Christos,Athanasiou,2169864079,christos.athanasiou365@contact.example
30000000011,Anna,Theodorou,2174896908,anna.theodorou3288@contact.example
30000000011,Stavros,Kostopoulos,2123246651,stavros.kostopoulos3336@contact.example
30000000012,Panagiota,Alexiou,2103242044,panagiota.alexiou9023@contact.example
30000000013,Evangelia,Nikolaou,2189847139,evangelia.nikolaou2004@contact.example
30000000013,Ioanna,Sotiriou,2155963632,ioanna.sotiriou1751@contact.example
30000000014,Anna,Vasiliou,2109003486,anna.vasiliou5068@contact.example
30000000015,Michalis,Sotiriou,2104177656,michalis.sotiriou1645@contact.example
30000000015,Anna,Georgiou,2148156985,anna.georgiou7427@contact.example
30000000016,Ioanna,Georgiou,2196577242,ioanna.georgiou9717@contact.example
30000000016,Anna,Petrou,2143165266,anna.petrou9346@contact.example
30000000017,Panagiotis,Konstantinou,2110867713,panagiotis.konstantinou3329@contact.example
30000000021,Andreas,Alexiou,2149485625,andreas.alexiou8050@contact.example
30000000022,Maria,Kostopoulos,2171215134,maria.kostopoulos2960@contact.example
30000000022,Anna,Georgiou,2184993908,anna.georgiou9352@contact.example
30000000023,Vasiliki,Kostopoulos,2174905097,vasiliki.kostopoulos5324@contact.example
30000000023,Dimitra,Theodorou,2192304501,dimitra.theodorou8965@contact.example
30000000024,Despoina,Alexiou,2149251583,despoina.alexiou8022@contact.example
30000000024,Christos,Alexiou,2167499616,christos.alexiou6034@contact.example
30000000026,Stavros,Vasiliou,2191801722,stavros.vasiliou6439@contact.example
30000000027,Kostas,Papadopoulos,2127769749,kostas.papadopoulos5911@contact.example
30000000030,Marios,Pavlidis,2114671795,marios.pavlidis7346@contact.example
30000000030,Anastasia,Ioannou,2102437573,anastasia.ioannou8318@contact.example
30000000031,Maria,Georgiou,2123297167,maria.georgiou4976@contact.example
30000000031,Petros,Dimitriou,2180054522,petros.dimitriou8249@contact.example
30000000032,Nikos,Alexiou,2177119918,nikos.alexiou688@contact.example
30000000032,Eleni,Nikolaou,2121352478,eleni.nikolaou8166@contact.example
30000000033,Stavros,Athanasiou,2132863266,stavros.athanasiou6707@contact.example
30000000035,Georgia,Sotiriou,2197563410,georgia.sotiriou8806@contact.example
30000000035,Marios,Ioannou,2128843188,marios.ioannou5116@contact.example
30000000036,Kostas,Kostopoulos,2149075399,kostas.kostopoulos8738@contact.example
30000000036,Natalia,Konstantinou,2135449268,natalia.konstantinou4058@contact.example
30000000037,Eleni,Ioannou,2198864976,eleni.ioannou7211@contact.example
30000000037,Anastasia,Alexiou,2176228277,anastasia.alexiou2120@contact.example
30000000038,Andreas,Petrou,2144702296,andreas.petrou798@contact.example
30000000039,Anna,Theodorou,2192287772,anna.theodorou5329@contact.example
30000000040,Dimitris,Dimitriou,2198909837,dimitris.dimitriou8236@contact.example
30000000040,Chrysoula,Papadopoulos,2118204339,chrysoula.papadopoulos7279@contact.example
30000000041,Panagiotis,Vasiliou,2122412462,panagiotis.vasiliou966@contact.example
30000000041,Georgia,Petrou,2120046152,georgia.petrou6764@contact.example
30000000042,Giorgos,Ioannou,2130489138,giorgos.ioannou2058@contact.example
30000000043,Andreas,Athanasiou,2120074946,andreas.athanasiou5758@contact.example
30000000043,Anna,Athanasiou,2139840289,anna.athanasiou1146@contact.example
30000000044,Marios,Papadopoulos,2120970026,marios.papadopoulos9107@contact.example
30000000044,Chrysoula,Theodorou,2176811807,chrysoula.theodorou2023@contact.example
30000000045,Panagiota,Vasiliou,2133750479,panagiota.vasiliou3426@contact.example
30000000045,Giorgos,Dimitriou,2161498728,giorgos.dimitriou3175@contact.example
30000000046,Nikos,Lazarou,2156641877,nikos.lazarou5923@contact.example
30000000046,Eleni,Sotiriou,2103046875,eleni.sotiriou85@contact.example
30000000049,Petros,Lazarou,2199076769,petros.lazarou1660@contact.example
30000000050,Georgia,Kostopoulos,2123200249,georgia.kostopoulos7141@contact.example
30000000050,Eleni,Athanasiou,2154982274,eleni.athanasiou9885@contact.example
30000000051,Anastasia,Theodorou,2179599594,anastasia.theodorou6860@contact.example
30000000053,Natalia,Pavlidis,2132302410,natalia.pavlidis2249@contact.example
30000000054,Theodoros,Theodorou,2155963099,theodoros.theodorou3099@contact.example
30000000054,Natalia,Pavlidis,2142530428,natalia.pavlidis9570@contact.example
30000000055,Maria,Kostopoulos,2149690333,maria.kostopoulos7407@contact.example
30000000055,Natalia,Dimitriou,2163466925,natalia.dimitriou4171@contact.example
30000000056,Spyros,Ioannou,2102734151,spyros.ioannou4826@contact.example
30000000057,Katerina,Alexiou,2140445669,katerina.alexiou195@contact.example
30000000057,Maria,Athanasiou,2182633373,maria.athanasiou8452@contact.example
30000000058,Giorgos,Kostopoulos,2155366684,giorgos.kostopoulos5343@contact.example
30000000058,Sofia,Papadopoulos,2190225999,sofia.papadopoulos9403@contact.example
30000000059,Giorgos,Georgiou,2131643348,giorgos.georgiou1147@contact.example
30000000060,Michalis,Lazarou,2172994938,michalis.lazarou7520@contact.example
30000000061,Stavros,Theodorou,2146926329,stavros.theodorou7080@contact.example
30000000064,Theodoros,Georgiou,2110427523,theodoros.georgiou565@contact.example
30000000064,Chrysoula,Athanasiou,2183708164,chrysoula.athanasiou7275@contact.example
30000000067,Panagiotis,Vasiliou,2119562525,panagiotis.vasiliou7900@contact.example
30000000067,Dimitris,Petrou,2109976838,dimitris.petrou9626@contact.example
30000000068,Georgia,Kostopoulos,2152450864,georgia.kostopoulos389@contact.example
30000000068,Petros,Lazarou,2155338033,petros.lazarou9963@contact.example
30000000071,Theodoros,Kostopoulos,2147468971,theodoros.kostopoulos5460@contact.example
30000000073,Panagiota,Theodorou,2102497243,panagiota.theodorou9866@contact.example
30000000074,Andreas,Theodorou,2161195243,andreas.theodorou6521@contact.example
30000000074,Anastasia,Vasiliou,2102701168,anastasia.vasiliou6830@contact.example
30000000076,Ioanna,Nikolaou,2100409013,ioanna.nikolaou8558@contact.example
30000000076,Despoina,Papadopoulos,2169847759,despoina.papadopoulos7037@contact.example
30000000077,Spyros,Theodorou,2135797863,spyros.theodorou52@contact.example
30000000077,Panagiota,Lazarou,2150505739,panagiota.lazarou7939@contact.example
30000000079,Chrysoula,Ioannou,2143471287,chrysoula.ioannou1482@contact.example
30000000081,Petros,Nikolaou,2160875243,petros.nikolaou8190@contact.example
30000000081,Vasiliki,Kostopoulos,2129420954,vasiliki.kostopoulos8231@contact.example
30000000082,Evangelia,Lazarou,2120865675,evangelia.lazarou6413@contact.example
30000000082,Theodoros,Nikolaou,2184438612,theodoros.nikolaou5299@contact.example
30000000084,Andreas,Theodorou,2192617647,andreas.theodorou6019@contact.example
30000000085,Anastasia,Ioannou,2149215182,anastasia.ioannou6641@contact.example
30000000085,Anna,Theodorou,2106888718,anna.theodorou9581@contact.example
30000000086,Spyros,Lazarou,2101184582,spyros.lazarou6932@contact.example
30000000086,Vasiliki,Papadopoulos,2134084872,vasiliki.papadopoulos9455@contact.example
30000000087,Giannis,Theodorou,2196184462,giannis.theodorou6555@contact.example
30000000088,Petros,Nikolaou,2141818615,petros.nikolaou1458@contact.example
30000000088,Stavros,Alexiou,2154234016,stavros.alexiou3641@contact.example
30000000089,Panagiotis,Petrou,2188967924,panagiotis.petrou156@contact.example
30000000090,Anastasia,Alexiou,2134146511,anastasia.alexiou1257@contact.example
30000000090,Dimitra,Dimitriou,2112901487,dimitra.dimitriou176@contact.example
30000000091,Vasiliki,Konstantinou,2109728321,vasiliki.konstantinou6014@contact.example
30000000091,Anna,Georgiou,2185067625,anna.georgiou1856@contact.example
30000000094,Panagiotis,Georgiou,2156053134,panagiotis.georgiou660@contact.example
30000000095,Giannis,Nikolaou,2110225803,giannis.nikolaou853@contact.example
30000000096,Vasilis,Kostopoulos,2118923923,vasilis.kostopoulos1974@contact.example
30000000097,Michalis,Athanasiou,2104145456,michalis.athanasiou4047@contact.example
30000000097,Marios,Alexiou,2102000534,marios.alexiou7735@contact.example
30000000098,Georgia,Petrou,2134396112,georgia.petrou9861@contact.example
30000000098,Kostas,Papadopoulos,2193371189,kostas.papadopoulos5619@contact.example
30000000099,Despoina,Papadopoulos,2129424090,despoina.papadopoulos3117@contact.example
30000000099,Dimitra,Lazarou,2167881278,dimitra.lazarou6294@contact.example
30000000101,Chrysoula,Pavlidis,2142694500,chrysoula.pavlidis5825@contact.example
30000000101,Petros,Theodorou,2142408916,petros.theodorou4217@contact.example
30000000104,Dimitris,Dimitriou,2127972457,dimitris.dimitriou2532@contact.example
30000000104,Petros,Papadopoulos,2184810018,petros.papadopoulos4862@contact.example
30000000105,Stavros,Nikolaou,2195151092,stavros.nikolaou2918@contact.example
30000000106,Giannis,Ioannou,2177119642,giannis.ioannou1482@contact.example
30000000108,Stavros,Lazarou,2124728633,stavros.lazarou3680@contact.example
30000000113,Sofia,Papadopoulos,2197005140,sofia.papadopoulos5844@contact.example
30000000113,Ioanna,Vasiliou,2168356521,ioanna.vasiliou5429@contact.example
30000000115,Georgia,Nikolaou,2129710248,georgia.nikolaou1429@contact.example
30000000115,Maria,Nikolaou,2175242149,maria.nikolaou5953@contact.example
30000000116,Giannis,Kostopoulos,2158955168,giannis.kostopoulos7375@contact.example
30000000116,Spyros,Alexiou,2109038021,spyros.alexiou4763@contact.example
30000000117,Marios,Nikolaou,2155973714,marios.nikolaou7448@contact.example
30000000119,Maria,Kostopoulos,2182659608,maria.kostopoulos9784@contact.example
30000000120,Anna,Lazarou,2127910336,anna.lazarou8948@contact.example
30000000121,Anna,Pavlidis,2168512765,anna.pavlidis2899@contact.example
30000000122,Evangelia,Pavlidis,2117890463,evangelia.pavlidis3652@contact.example
30000000122,Ioanna,Kostopoulos,2186137157,ioanna.kostopoulos6766@contact.example
30000000123,Georgia,Petrou,2152963863,georgia.petrou6445@contact.example
30000000123,Anna,Papadopoulos,2196262658,anna.papadopoulos2596@contact.example
30000000126,Evangelia,Lazarou,2136170617,evangelia.lazarou1251@contact.example
30000000127,Katerina,Papadopoulos,2128413908,katerina.papadopoulos378@contact.example
30000000127,Eleni,Pavlidis,2123513052,eleni.pavlidis3601@contact.example
30000000128,Spyros,Ioannou,2119942376,spyros.ioannou7310@contact.example
30000000128,Michalis,Konstantinou,2145919663,michalis.konstantinou9293@contact.example
30000000129,Despoina,Georgiou,2153135525,despoina.georgiou2004@contact.example
30000000130,Chrysoula,Sotiriou,2119665533,chrysoula.sotiriou814@contact.example
30000000130,Despoina,Kostopoulos,2170461172,despoina.kostopoulos9854@contact.example
30000000131,Kostas,Lazarou,2164455618,kostas.lazarou5132@contact.example
30000000132,Petros,Georgiou,2113580040,petros.georgiou1816@contact.example
30000000133,Panagiota,Kostopoulos,2118839774,panagiota.kostopoulos5275@contact.example
30000000134,Vasilis,Lazarou,2198854728,vasilis.lazarou1732@contact.example
30000000136,Marios,Papadopoulos,2174510663,marios.papadopoulos4817@contact.example
30000000136,Vasilis,Ioannou,2129489786,vasilis.ioannou1789@contact.example
30000000137,Anna,Alexiou,2147323549,anna.alexiou4719@contact.example
30000000137,Dimitra,Papadopoulos,2112897432,dimitra.papadopoulos5163@contact.example
30000000138,Natalia,Dimitriou,2171009438,natalia.dimitriou8244@contact.example
30000000139,Ioanna,Athanasiou,2197148026,ioanna.athanasiou3609@contact.example
30000000139,Vasiliki,Georgiou,2157039653,vasiliki.georgiou1463@contact.example
30000000140,Anastasia,Petrou,2191679541,anastasia.petrou137@contact.example
30000000140,Maria,Alexiou,2127284982,maria.alexiou4975@contact.example
30000000141,Despoina,Lazarou,2188214236,despoina.lazarou9589@contact.example
30000000142,Giannis,Athanasiou,2134268344,giannis.athanasiou1403@contact.example
30000000142,Andreas,Konstantinou,2178266128,andreas.konstantinou7241@contact.example
30000000144,Natalia,Papadopoulos,2119803828,natalia.papadopoulos8116@contact.example
30000000148,Spyros,Papadopoulos,2125883586,spyros.papadopoulos8406@contact.example
30000000149,Ioanna,Athanasiou,2184259959,ioanna.athanasiou6616@contact.example
30000000149,Dimitris,Papadopoulos,2102311775,dimitris.papadopoulos3794@contact.example
30000000150,Christos,Ioannou,2129833477,christos.ioannou4688@contact.example
30000000150,Petros,Dimitriou,2126831901,petros.dimitriou3335@contact.example
30000000151,Natalia,Georgiou,2117661912,natalia.georgiou8475@contact.example
30000000151,Andreas,Nikolaou,2117309850,andreas.nikolaou3671@contact.example
30000000152,Chrysoula,Nikolaou,2197400564,chrysoula.nikolaou3286@contact.example
30000000152,Marios,Alexiou,2102385037,marios.alexiou1195@contact.example
30000000154,Chrysoula,Petrou,2153560331,chrysoula.petrou9644@contact.example
30000000154,Giorgos,Dimitriou,2168900301,giorgos.dimitriou929@contact.example
30000000155,Anna,Petrou,2137458438,anna.petrou4384@contact.example
30000000155,Marios,Theodorou,2188105697,marios.theodorou4584@contact.example
30000000156,Sofia,Ioannou,2141049670,sofia.ioannou6269@contact.example
30000000157,Dimitra,Lazarou,2196601864,dimitra.lazarou8762@contact.example
30000000158,Spyros,Petrou,2144901495,spyros.petrou4334@contact.example
30000000158,Natalia,Georgiou,2177070705,natalia.georgiou7868@contact.example
30000000159,Nikos,Dimitriou,2110287950,nikos.dimitriou9068@contact.example
30000000159,Anastasia,Dimitriou,2104405809,anastasia.dimitriou3846@contact.example
30000000160,Michalis,Alexiou,2157490250,michalis.alexiou4766@contact.example
30000000162,Petros,Kostopoulos,2151376515,petros.kostopoulos9183@contact.example
30000000164,Giorgos,Theodorou,2121288665,giorgos.theodorou2089@contact.example
30000000166,Eleni,Alexiou,2189864565,eleni.alexiou2924@contact.example
30000000166,Giannis,Papadopoulos,2136849951,giannis.papadopoulos5691@contact.example
30000000168,Anastasia,Alexiou,2117674124,anastasia.alexiou1909@contact.example
30000000168,Stavros,Sotiriou,2113152854,stavros.sotiriou7430@contact.example
30000000169,Giannis,Kostopoulos,2127423183,giannis.kostopoulos53@contact.example
30000000170,Vasiliki,Kostopoulos,2176958741,vasiliki.kostopoulos3587@contact.example
30000000172,Petros,Petrou,2104763928,petros.petrou3379@contact.example
30000000172,Ioanna,Athanasiou,2119952980,ioanna.athanasiou346@contact.example
30000000173,Marios,Ioannou,2138300081,marios.ioannou8217@contact.example
30000000174,Michalis,Papadopoulos,2108921963,michalis.papadopoulos9924@contact.example
30000000174,Natalia,Vasiliou,2156804473,natalia.vasiliou1634@contact.example
30000000175,Ioanna,Pavlidis,2117390637,ioanna.pavlidis6060@contact.example
30000000176,Dimitra,Lazarou,2193074645,dimitra.lazarou2468@contact.example
30000000176,Nikos,Petrou,2199604387,nikos.petrou8939@contact.example
30000000178,Sofia,Athanasiou,2122483958,sofia.athanasiou9905@contact.example
30000000180,Sofia,Theodorou,2145964883,sofia.theodorou1270@contact.example
30000000183,Vasiliki,Nikolaou,2186520575,vasiliki.nikolaou6949@contact.example
30000000184,Evangelia,Papadopoulos,2194047604,evangelia.papadopoulos4493@contact.example
30000000184,Panagiota,Papadopoulos,2190797727,panagiota.papadopoulos8939@contact.example
30000000188,Panagiotis,Vasiliou,2129563343,panagiotis.vasiliou2902@contact.example
30000000189,Stavros,Athanasiou,2143588418,stavros.athanasiou3453@contact.example
30000000190,Stavros,Lazarou,2102675512,stavros.lazarou5866@contact.example
30000000190,Andreas,Georgiou,2178207979,andreas.georgiou9437@contact.example
30000000193,Theodoros,Theodorou,2137673162,theodoros.theodorou5216@contact.example
30000000193,Ioanna,Alexiou,2126546968,ioanna.alexiou1175@contact.example
30000000196,Michalis,Sotiriou,2104641978,michalis.sotiriou6109@contact.example
30000000197,Michalis,Papadopoulos,2174017750,michalis.papadopoulos9820@contact.example
30000000198,Nikos,Pavlidis,2163218122,nikos.pavlidis8085@contact.example
30000000198,Michalis,Alexiou,2145793897,michalis.alexiou666@contact.example
30000000202,Maria,Dimitriou,2182646091,maria.dimitriou7972@contact.example
30000000202,Katerina,Petrou,2113854457,katerina.petrou7658@contact.example
30000000203,Vasilis,Dimitriou,2119422686,vasilis.dimitriou5768@contact.example
30000000205,Dimitris,Konstantinou,2196059329,dimitris.konstantinou7732@contact.example
30000000205,Vasiliki,Nikolaou,2150968832,vasiliki.nikolaou7501@contact.example
30000000207,Chrysoula,Theodorou,2181980770,chrysoula.theodorou4800@contact.example
30000000210,Spyros,Athanasiou,2130394290,spyros.athanasiou4251@contact.example
30000000211,Giorgos,Athanasiou,2115343324,giorgos.athanasiou9972@contact.example
30000000212,Natalia,Theodorou,2181079833,natalia.theodorou4196@contact.example
30000000212,Despoina,Theodorou,2123372094,despoina.theodorou9044@contact.example
30000000213,Dimitris,Dimitriou,2171717318,dimitris.dimitriou9657@contact.example
30000000213,Vasilis,Konstantinou,2174909617,vasilis.konstantinou3192@contact.example
30000000214,Panagiota,Kostopoulos,2112705877,panagiota.kostopoulos2673@contact.example
30000000215,Kostas,Athanasiou,2149392523,kostas.athanasiou6492@contact.example
30000000216,Marios,Kostopoulos,2146966060,marios.kostopoulos6698@contact.example
30000000216,Stavros,Athanasiou,2127403344,stavros.athanasiou6120@contact.example
30000000218,Dimitris,Petrou,2162294938,dimitris.petrou1442@contact.example
30000000218,Christos,Dimitriou,2159848840,christos.dimitriou2302@contact.example
30000000220,Sofia,Petrou,2111918182,sofia.petrou8414@contact.example
30000000221,Dimitra,Lazarou,2160694096,dimitra.lazarou310@contact.example
30000000221,Giorgos,Dimitriou,2156243958,giorgos.dimitriou7500@contact.example
30000000223,Natalia,Theodorou,2136077633,natalia.theodorou6235@contact.example
30000000223,Sofia,Lazarou,2111289812,sofia.lazarou3435@contact.example
30000000224,Theodoros,Lazarou,2115541643,theodoros.lazarou1384@contact.example
30000000225,Despoina,Dimitriou,2145962622,despoina.dimitriou8497@contact.example
30000000225,Giannis,Theodorou,2125120734,giannis.theodorou6614@contact.example
30000000227,Katerina,Petrou,2191779323,katerina.petrou8434@contact.example
30000000227,Giannis,Sotiriou,2123116491,giannis.sotiriou4093@contact.example
30000000231,Panagiotis,Ioannou,2183230358,panagiotis.ioannou9846@contact.example
30000000231,Ioanna,Georgiou,2198808583,ioanna.georgiou8698@contact.example
30000000232,Chrysoula,Kostopoulos,2175240148,chrysoula.kostopoulos5106@contact.example
30000000233,Dimitris,Dimitriou,2142619237,dimitris.dimitriou2334@contact.example
30000000234,Chrysoula,Vasiliou,2106417692,chrysoula.vasiliou7984@contact.example
30000000235,Vasiliki,Lazarou,2145101739,vasiliki.lazarou8110@contact.example
30000000236,Kostas,Konstantinou,2111359966,kostas.konstantinou654@contact.example
30000000236,Stavros,Athanasiou,2177980660,stavros.athanasiou3540@contact.example
30000000237,Spyros,Sotiriou,2123885652,spyros.sotiriou8190@contact.example
30000000237,Natalia,Nikolaou,2155983541,natalia.nikolaou1482@contact.example
30000000238,Anastasia,Athanasiou,2184882691,anastasia.athanasiou3255@contact.example
30000000238,Dimitris,Nikolaou,2196425856,dimitris.nikolaou2180@contact.example
30000000239,Panagiota,Sotiriou,2132043097,panagiota.sotiriou7192@contact.example
30000000242,Sofia,Vasiliou,2109762637,sofia.vasiliou5077@contact.example
30000000245,Nikos,Athanasiou,2151208005,nikos.athanasiou6304@contact.example
30000000245,Andreas,Papadopoulos,2199512397,andreas.papadopoulos2979@contact.example
30000000246,Panagiotis,Konstantinou,2182173929,panagiotis.konstantinou5528@contact.example
30000000246,Christos,Alexiou,2186718153,christos.alexiou5992@contact.example
30000000247,Panagiota,Dimitriou,2145273466,panagiota.dimitriou7130@contact.example
30000000247,Theodoros,Nikolaou,2170715879,theodoros.nikolaou6371@contact.example
30000000248,Theodoros,Dimitriou,2158068828,theodoros.dimitriou6076@contact.example
30000000249,Giorgos,Alexiou,2135263560,giorgos.alexiou2555@contact.example
30000000250,Georgia,Papadopoulos,2160723111,georgia.papadopoulos2604@contact.example
30000000251,Vasilis,Georgiou,2180771130,vasilis.georgiou6359@contact.example
30000000252,Evangelia,Georgiou,2157306624,evangelia.georgiou8284@contact.example
30000000254,Kostas,Lazarou,2130981079,kostas.lazarou6326@contact.example
30000000254,Andreas,Athanasiou,2196737945,andreas.athanasiou7455@contact.example
30000000255,Chrysoula,Pavlidis,2136253666,chrysoula.pavlidis7547@contact.example
30000000255,Dimitra,Kostopoulos,2176755562,dimitra.kostopoulos8683@contact.example
30000000256,Andreas,Alexiou,2196033582,andreas.alexiou6297@contact.example
30000000259,Michalis,Georgiou,2188743127,michalis.georgiou1591@contact.example
30000000259,Ioanna,Papadopoulos,2126767209,ioanna.papadopoulos5938@contact.example
30000000260,Vasilis,Athanasiou,2154159709,vasilis.athanasiou9672@contact.example
30000000260,Michalis,Georgiou,2154384807,michalis.georgiou5220@contact.example
30000000262,Spyros,Nikolaou,2171581021,spyros.nikolaou3981@contact.example
30000000263,Kostas,Papadopoulos,2123121106,kostas.papadopoulos3819@contact.example
30000000263,Vasilis,Papadopoulos,2116583737,vasilis.papadopoulos9920@contact.example
30000000265,Stavros,Alexiou,2109617015,stavros.alexiou9637@contact.example
30000000267,Giannis,Ioannou,2150622923,giannis.ioannou1554@contact.example
30000000267,Giorgos,Ioannou,2172453076,giorgos.ioannou2594@contact.example
30000000269,Natalia,Georgiou,2159710756,natalia.georgiou4033@contact.example
30000000269,Vasilis,Petrou,2135748595,vasilis.petrou3185@contact.example
30000000270,Christos,Konstantinou,2141763425,christos.konstantinou968@contact.example
30000000271,Nikos,Theodorou,2138843660,nikos.theodorou4886@contact.example
30000000271,Spyros,Dimitriou,2124006157,spyros.dimitriou2419@contact.example
30000000273,Nikos,Alexiou,2180271122,nikos.alexiou1676@contact.example
30000000273,Eleni,Georgiou,2131555165,eleni.georgiou1140@contact.example
30000000275,Anastasia,Ioannou,2181039033,anastasia.ioannou9548@contact.example
30000000275,Maria,Papadopoulos,2151958263,maria.papadopoulos2495@contact.example
30000000278,Natalia,Dimitriou,2119100900,natalia.dimitriou4494@contact.example
30000000278,Evangelia,Papadopoulos,2147692105,evangelia.papadopoulos3528@contact.example
30000000280,Panagiotis,Papadopoulos,2190144734,panagiotis.papadopoulos400@contact.example
30000000281,Katerina,Georgiou,2155882556,katerina.georgiou2851@contact.example
30000000282,Natalia,Athanasiou,2120582958,natalia.athanasiou2613@contact.example
30000000282,Natalia,Sotiriou,2192361618,natalia.sotiriou8913@contact.example
30000000283,Michalis,Theodorou,2113723081,michalis.theodorou8114@contact.example
30000000283,Giannis,Alexiou,2114364381,giannis.alexiou3130@contact.example
30000000285,Chrysoula,Petrou,2170607174,chrysoula.petrou8909@contact.example
30000000285,Dimitris,Nikolaou,2131765397,dimitris.nikolaou563@contact.example
30000000286,Dimitra,Papadopoulos,2149187274,dimitra.papadopoulos2667@contact.example
30000000286,Nikos,Vasiliou,2195612137,nikos.vasiliou7967@contact.example
30000000287,Stavros,Sotiriou,2160858167,stavros.sotiriou550@contact.example
30000000288,Vasiliki,Pavlidis,2158471296,vasiliki.pavlidis1899@contact.example
30000000291,Theodoros,Kostopoulos,2193279862,theodoros.kostopoulos3955@contact.example
30000000292,Evangelia,Vasiliou,2178769899,evangelia.vasiliou9405@contact.example
30000000293,Andreas,Dimitriou,2158644963,andreas.dimitriou2282@contact.example
30000000294,Petros,Ioannou,2174978524,petros.ioannou9929@contact.example
30000000295,Panagiota,Kostopoulos,2191766512,panagiota.kostopoulos2968@contact.example
30000000296,Dimitra,Vasiliou,2146333999,dimitra.vasiliou4371@contact.example
30000000296,Evangelia,Pavlidis,2153208953,evangelia.pavlidis2816@contact.example
30000000298,Ioanna,Ioannou,2108437685,ioanna.ioannou5277@contact.example
30000000298,Giorgos,Kostopoulos,2189679352,giorgos.kostopoulos1268@contact.example
30000000300,Panagiota,Pavlidis,2198306503,panagiota.pavlidis1475@contact.example
30000000300,Anastasia,Alexiou,2121980418,anastasia.alexiou4181@contact.example
30000000301,Panagiotis,Vasiliou,2187623039,panagiotis.vasiliou1263@contact.example
30000000301,Dimitris,Sotiriou,2114281785,dimitris.sotiriou2932@contact.example
30000000303,Vasiliki,Sotiriou,2168868785,vasiliki.sotiriou9921@contact.example
30000000305,Anastasia,Kostopoulos,2153726032,anastasia.kostopoulos1660@contact.example
30000000306,Evangelia,Pavlidis,2120128400,evangelia.pavlidis8348@contact.example
30000000307,Ioanna,Pavlidis,2108981265,ioanna.pavlidis7207@contact.example
30000000309,Dimitra,Petrou,2174988558,dimitra.petrou2550@contact.example
30000000309,Vasiliki,Athanasiou,2198493306,vasiliki.athanasiou7920@contact.example
30000000310,Stavros,Ioannou,2166954132,stavros.ioannou7884@contact.example
30000000310,Evangelia,Athanasiou,2115066626,evangelia.athanasiou7753@contact.example
30000000311,Sofia,Ioannou,2111110286,sofia.ioannou8072@contact.example
30000000313,Panagiotis,Athanasiou,2181793406,panagiotis.athanasiou5549@contact.example
30000000315,Panagiota,Papadopoulos,2152635100,panagiota.papadopoulos4132@contact.example
30000000316,Giannis,Papadopoulos,2123897432,giannis.papadopoulos6847@contact.example
30000000317,Sofia,Konstantinou,2193607984,sofia.konstantinou8828@contact.example
30000000317,Ioanna,Kostopoulos,2104506917,ioanna.kostopoulos6837@contact.example
30000000319,Katerina,Vasiliou,2113685283,katerina.vasiliou233@contact.example
30000000319,Vasiliki,Ioannou,2115370124,vasiliki.ioannou2770@contact.example
30000000323,Panagiota,Petrou,2130073095,panagiota.petrou281@contact.example
30000000324,Ioanna,Petrou,2119053486,ioanna.petrou4808@contact.example
30000000324,Nikos,Lazarou,2110424624,nikos.lazarou5570@contact.example
30000000326,Andreas,Alexiou,2184160461,andreas.alexiou5461@contact.example
30000000326,Spyros,Theodorou,2102119017,spyros.theodorou697@contact.example
30000000328,Sofia,Ioannou,2194439164,sofia.ioannou9917@contact.example
30000000329,Giannis,Dimitriou,2141903106,giannis.dimitriou1753@contact.example
30000000330,Natalia,Athanasiou,2137746040,natalia.athanasiou7100@contact.example
30000000330,Christos,Georgiou,2100784361,christos.georgiou4706@contact.example
30000000331,Petros,Kostopoulos,2120376388,petros.kostopoulos2371@contact.example
30000000332,Natalia,Konstantinou,2198278020,natalia.konstantinou5364@contact.example
30000000332,Ioanna,Theodorou,2186950732,ioanna.theodorou1778@contact.example
30000000333,Stavros,Kostopoulos,2138573680,stavros.kostopoulos1250@contact.example
30000000334,Giorgos,Alexiou,2196149731,giorgos.alexiou5584@contact.example
30000000335,Petros,Alexiou,2194065578,petros.alexiou2692@contact.example
30000000335,Giorgos,Theodorou,2119043223,giorgos.theodorou741@contact.example
30000000337,Anastasia,Pavlidis,2188995729,anastasia.pavlidis8731@contact.example
30000000339,Natalia,Konstantinou,2181388158,natalia.konstantinou8808@contact.example
30000000339,Dimitris,Vasiliou,2145822067,dimitris.vasiliou3364@contact.example
30000000341,Marios,Ioannou,2118444218,marios.ioannou2424@contact.example
30000000343,Petros,Petrou,2150542960,petros.petrou9053@contact.example
30000000343,Anastasia,Papadopoulos,2170633699,anastasia.papadopoulos9147@contact.example
30000000344,Dimitra,Papadopoulos,2144287738,dimitra.papadopoulos3177@contact.example
30000000344,Theodoros,Theodorou,2138164321,theodoros.theodorou2319@contact.example
30000000345,Dimitris,Kostopoulos,2106462554,dimitris.kostopoulos694@contact.example
30000000346,Eleni,Alexiou,2103153888,eleni.alexiou2924@contact.example
30000000346,Anna,Vasiliou,2152790504,anna.vasiliou943@contact.example
30000000347,Eleni,Kostopoulos,2118093391,eleni.kostopoulos3244@contact.example
30000000348,Dimitra,Lazarou,2180023009,dimitra.lazarou1749@contact.example
30000000348,Marios,Sotiriou,2161829803,marios.sotiriou6182@contact.example
30000000349,Dimitris,Sotiriou,2118941843,dimitris.sotiriou3791@contact.example
30000000349,Theodoros,Pavlidis,2175092632,theodoros.pavlidis2584@contact.example
30000000351,Theodoros,Ioannou,2191062715,theodoros.ioannou3488@contact.example
30000000352,Vasilis,Pavlidis,2144013480,vasilis.pavlidis8648@contact.example
30000000352,Christos,Sotiriou,2135437882,christos.sotiriou6676@contact.example
30000000354,Despoina,Petrou,2196932591,despoina.petrou4824@contact.example
30000000354,Giorgos,Sotiriou,2184993231,giorgos.sotiriou3031@contact.example
30000000358,Despoina,Sotiriou,2148400273,despoina.sotiriou17@contact.example
30000000358,Giorgos,Athanasiou,2186966101,giorgos.athanasiou6344@contact.example
30000000359,Nikos,Kostopoulos,2162839762,nikos.kostopoulos825@contact.example
30000000360,Despoina,Nikolaou,2177602991,despoina.nikolaou4318@contact.example
30000000360,Giorgos,Ioannou,2188413337,giorgos.ioannou3803@contact.example
30000000362,Katerina,Vasiliou,2144902950,katerina.vasiliou2308@contact.example
30000000362,Natalia,Ioannou,2148016440,natalia.ioannou3875@contact.example
30000000366,Giorgos,Sotiriou,2158714692,giorgos.sotiriou1194@contact.example
30000000368,Katerina,Athanasiou,2111457887,katerina.athanasiou587@contact.example
30000000368,Anastasia,Athanasiou,2171523867,anastasia.athanasiou6398@contact.example
30000000369,Evangelia,Ioannou,2187225893,evangelia.ioannou8093@contact.example
30000000369,Dimitra,Papadopoulos,2185806235,dimitra.papadopoulos850@contact.example
30000000370,Theodoros,Kostopoulos,2196325942,theodoros.kostopoulos4041@contact.example
30000000370,Panagiota,Georgiou,2189463389,panagiota.georgiou1690@contact.example
30000000371,Petros,Petrou,2189513818,petros.petrou6410@contact.example
30000000371,Stavros,Petrou,2107846850,stavros.petrou9993@contact.example
30000000372,Marios,Konstantinou,2134015364,marios.konstantinou1446@contact.example
30000000372,Marios,Vasiliou,2171553132,marios.vasiliou5999@contact.example
30000000373,Theodoros,Konstantinou,2181987809,theodoros.konstantinou2157@contact.example
30000000374,Michalis,Sotiriou,2178744227,michalis.sotiriou5536@contact.example
30000000374,Eleni,Petrou,2148596559,eleni.petrou4720@contact.example
30000000376,Eleni,Konstantinou,2166997273,eleni.konstantinou6932@contact.example
30000000376,Christos,Alexiou,2174620258,christos.alexiou2748@contact.example
30000000377,Dimitra,Papadopoulos,2118364723,dimitra.papadopoulos9057@contact.example
30000000380,Chrysoula,Georgiou,2116591438,chrysoula.georgiou9022@contact.example
30000000381,Dimitra,Alexiou,2173264309,dimitra.alexiou5450@contact.example
30000000381,Spyros,Lazarou,2149791279,spyros.lazarou9540@contact.example
30000000382,Petros,Georgiou,2120125608,petros.georgiou3088@contact.example
30000000382,Panagiotis,Papadopoulos,2104879788,panagiotis.papadopoulos8289@contact.example
30000000384,Vasilis,Kostopoulos,2148309309,vasilis.kostopoulos6809@contact.example
30000000386,Dimitra,Theodorou,2130493665,dimitra.theodorou3415@contact.example
30000000386,Katerina,Papadopoulos,2127481242,katerina.papadopoulos1646@contact.example
30000000388,Vasilis,Ioannou,2158585642,vasilis.ioannou3474@contact.example
30000000389,Nikos,Kostopoulos,2116690632,nikos.kostopoulos2073@contact.example
30000000389,Natalia,Vasiliou,2181554203,natalia.vasiliou4677@contact.example
30000000390,Stavros,Vasiliou,2162347124,stavros.vasiliou7566@contact.example
30000000392,Christos,Nikolaou,2130735104,christos.nikolaou5917@contact.example
30000000393,Maria,Papadopoulos,2131805339,maria.papadopoulos6596@contact.example
30000000394,Theodoros,Ioannou,2161459011,theodoros.ioannou829@contact.example
30000000395,Dimitris,Petrou,2120499809,dimitris.petrou4877@contact.example
30000000395,Panagiota,Lazarou,2197698731,panagiota.lazarou3255@contact.example
30000000397,Giannis,Papadopoulos,2137087821,giannis.papadopoulos1459@contact.example
30000000397,Michalis,Papadopoulos,2120418135,michalis.papadopoulos9365@contact.example
30000000399,Marios,Kostopoulos,2112369149,marios.kostopoulos6607@contact.example
30000000400,Vasiliki,Athanasiou,2104095314,vasiliki.athanasiou1449@contact.example
30000000401,Despoina,Lazarou,2162409649,despoina.lazarou6166@contact.example
30000000401,Theodoros,Pavlidis,2134960478,theodoros.pavlidis5119@contact.example
30000000406,Evangelia,Theodorou,2106782141,evangelia.theodorou7256@contact.example
30000000406,Spyros,Ioannou,2181359266,spyros.ioannou4343@contact.example
30000000407,Marios,Sotiriou,2101192920,marios.sotiriou7828@contact.example
30000000408,Panagiota,Georgiou,2118945590,panagiota.georgiou6210@contact.example
30000000408,Maria,Papadopoulos,2100994248,maria.papadopoulos9509@contact.example
30000000409,Marios,Ioannou,2157758097,marios.ioannou5055@contact.example
30000000410,Georgia,Petrou,2130062212,georgia.petrou2493@contact.example
30000000410,Andreas,Georgiou,2176774625,andreas.georgiou1104@contact.example
30000000411,Theodoros,Kostopoulos,2178231299,theodoros.kostopoulos5872@contact.example
30000000411,Christos,Alexiou,2104726426,christos.alexiou1248@contact.example
30000000412,Panagiotis,Petrou,2148242183,panagiotis.petrou8249@contact.example
30000000412,Marios,Alexiou,2145400644,marios.alexiou6020@contact.example
30000000414,Katerina,Papadopoulos,2119630453,katerina.papadopoulos544@contact.example
30000000414,Theodoros,Konstantinou,2135882493,theodoros.konstantinou5424@contact.example
30000000415,Spyros,Vasiliou,2154460838,spyros.vasiliou5925@contact.example
30000000416,Dimitra,Ioannou,2199969882,dimitra.ioannou9812@contact.example
30000000416,Nikos,Vasiliou,2157927147,nikos.vasiliou2254@contact.example
30000000420,Panagiota,Georgiou,2135469510,panagiota.georgiou60@contact.example
30000000420,Vasilis,Theodorou,2107620545,vasilis.theodorou9640@contact.example
30000000423,Sofia,Nikolaou,2178791505,sofia.nikolaou9689@contact.example
30000000423,Michalis,Georgiou,2157197609,michalis.georgiou3879@contact.example
30000000424,Stavros,Alexiou,2121755851,stavros.alexiou7546@contact.example
30000000424,Maria,Kostopoulos,2141274692,maria.kostopoulos1223@contact.example
30000000425,Nikos,Sotiriou,2145421854,nikos.sotiriou6109@contact.example
30000000426,Chrysoula,Petrou,2164072324,chrysoula.petrou7701@contact.example
30000000426,Panagiotis,Pavlidis,2128954001,panagiotis.pavlidis7955@contact.example
30000000429,Eleni,Kostopoulos,2169893652,eleni.kostopoulos9752@contact.example
30000000429,Spyros,Vasiliou,2171619827,spyros.vasiliou3313@contact.example
30000000430,Chrysoula,Vasiliou,2135748352,chrysoula.vasiliou6893@contact.example
30000000431,Despoina,Dimitriou,2164628055,despoina.dimitriou870@contact.example
30000000432,Chrysoula,Sotiriou,2151074091,chrysoula.sotiriou3827@contact.example
30000000434,Evangelia,Papadopoulos,2115153259,evangelia.papadopoulos4254@contact.example
30000000434,Christos,Athanasiou,2195074071,christos.athanasiou7258@contact.example
30000000437,Sofia,Konstantinou,2100696801,sofia.konstantinou8958@contact.example
30000000438,Natalia,Dimitriou,2100677625,natalia.dimitriou5376@contact.example
30000000439,Panagiotis,Athanasiou,2192334511,panagiotis.athanasiou250@contact.example
30000000439,Dimitra,Sotiriou,2109060530,dimitra.sotiriou8864@contact.example
30000000440,Katerina,Sotiriou,2187592129,katerina.sotiriou9726@contact.example
30000000440,Ioanna,Ioannou,2142603362,ioanna.ioannou139@contact.example
30000000443,Evangelia,Dimitriou,2178931869,evangelia.dimitriou2533@contact.example
30000000444,Giannis,Athanasiou,2132204144,giannis.athanasiou7984@contact.example
30000000444,Spyros,Athanasiou,2132811659,spyros.athanasiou9871@contact.example
30000000446,Chrysoula,Konstantinou,2119832102,chrysoula.konstantinou9802@contact.example
30000000447,Panagiotis,Georgiou,2191316708,panagiotis.georgiou916@contact.example
30000000448,Andreas,Sotiriou,2144076634,andreas.sotiriou9907@contact.example
30000000448,Ioanna,Dimitriou,2139650496,ioanna.dimitriou2741@contact.example
30000000451,Eleni,Kostopoulos,2160545769,eleni.kostopoulos4401@contact.example
30000000451,Maria,Petrou,2176945353,maria.petrou7154@contact.example
30000000452,Evangelia,Papadopoulos,2195948152,evangelia.papadopoulos6539@contact.example
30000000452,Georgia,Georgiou,2155966472,georgia.georgiou1849@contact.example
30000000455,Chrysoula,Alexiou,2187447017,chrysoula.alexiou3179@contact.example
30000000457,Natalia,Athanasiou,2122142573,natalia.athanasiou1965@contact.example
30000000458,Anastasia,Georgiou,2186209297,anastasia.georgiou4033@contact.example
30000000459,Stavros,Lazarou,2173532366,stavros.lazarou1428@contact.example
30000000462,Natalia,Theodorou,2192225606,natalia.theodorou2999@contact.example
30000000462,Anna,Alexiou,2195350637,anna.alexiou4009@contact.example
30000000464,Nikos,Petrou,2154912151,nikos.petrou7015@contact.example
30000000466,Michalis,Alexiou,2196789760,michalis.alexiou9280@contact.example
30000000466,Eleni,Kostopoulos,2131267731,eleni.kostopoulos9863@contact.example
30000000467,Anastasia,Vasiliou,2131916543,anastasia.vasiliou506@contact.example
30000000467,Eleni,Athanasiou,2195231202,eleni.athanasiou1984@contact.example
30000000468,Katerina,Athanasiou,2167649797,katerina.athanasiou5072@contact.example
30000000469,Theodoros,Vasiliou,2196927711,theodoros.vasiliou9265@contact.example
30000000469,Panagiota,Petrou,2129635305,panagiota.petrou9725@contact.example
30000000470,Anna,Konstantinou,2159654663,anna.konstantinou4892@contact.example
30000000470,Marios,Sotiriou,2144344149,marios.sotiriou1988@contact.example
30000000471,Anastasia,Pavlidis,2122309586,anastasia.pavlidis2103@contact.example
30000000471,Georgia,Theodorou,2173988941,georgia.theodorou4083@contact.example
30000000472,Giannis,Lazarou,2120300449,giannis.lazarou7092@contact.example
30000000472,Natalia,Vasiliou,2161293900,natalia.vasiliou2318@contact.example
30000000475,Anastasia,Konstantinou,2168680085,anastasia.konstantinou2308@contact.example
30000000478,Kostas,Athanasiou,2167507627,kostas.athanasiou9989@contact.example
30000000478,Georgia,Petrou,2153024530,georgia.petrou1282@contact.example
30000000479,Despoina,Theodorou,2101722240,despoina.theodorou6117@contact.example
30000000479,Nikos,Kostopoulos,2164871775,nikos.kostopoulos4268@contact.example
30000000480,Nikos,Sotiriou,2195668448,nikos.sotiriou2416@contact.example
30000000480,Petros,Kostopoulos,2133791212,petros.kostopoulos1386@contact.example
30000000482,Panagiotis,Georgiou,2105422162,panagiotis.georgiou6175@contact.example
30000000483,Maria,Pavlidis,2199504702,maria.pavlidis170@contact.example
30000000483,Natalia,Petrou,2196851953,natalia.petrou7344@contact.example
30000000484,Giannis,Papadopoulos,2161658129,giannis.papadopoulos2193@contact.example
30000000484,Giorgos,Athanasiou,2159229411,giorgos.athanasiou5286@contact.example
30000000487,Andreas,Alexiou,2101918548,andreas.alexiou8803@contact.example
30000000488,Theodoros,Athanasiou,2164641962,theodoros.athanasiou3567@contact.example
30000000488,Andreas,Athanasiou,2121926221,andreas.athanasiou3168@contact.example
30000000489,Sofia,Konstantinou,2199498128,sofia.konstantinou3264@contact.example
30000000493,Georgia,Georgiou,2118835279,georgia.georgiou1038@contact.example
30000000493,Eleni,Kostopoulos,2150677610,eleni.kostopoulos6923@contact.example
30000000494,Anastasia,Nikolaou,2159698384,anastasia.nikolaou5734@contact.example
30000000494,Vasiliki,Kostopoulos,2120266568,vasiliki.kostopoulos6300@contact.example
30000000495,Panagiota,Athanasiou,2107429907,panagiota.athanasiou4393@contact.example
30000000496,Vasiliki,Athanasiou,2174859946,vasiliki.athanasiou4519@contact.example
30000000497,Ioanna,Konstantinou,2180445092,ioanna.konstantinou8434@contact.example
30000000498,Panagiotis,Vasiliou,2184581308,panagiotis.vasiliou8842@contact.example
30000000498,Sofia,Pavlidis,2130574883,sofia.pavlidis9749@contact.example
30000000499,Theodoros,Nikolaou,2199530564,theodoros.nikolaou1591@contact.example
30000000499,Katerina,Vasiliou,2193784679,katerina.vasiliou849@contact.example
