patient_amka,first_name,last_name,father_name,age,gender,weight_kg,height_cm,address_line,phone_number,email,profession,nationality,insurance_provider
30000000000,Dimitris,Pavlidis,Georgios,48,MALE,95.23,118.56,Piraeus 27,6932833898,dimitris.pavlidis1@mail.example,Nurse,Italian,PRIVATE_A
30000000001,Anastasia,Alexiou,Nikolaos,15,FEMALE,99.71,185.04,Larisa 90,6945279852,anastasia.alexiou2@mail.example,Student,Greek,PRIVATE_B
30000000002,Dimitris,Lazarou,Dimitrios,89,MALE,33.38,81.29,Piraeus 21,6961107603,dimitris.lazarou3@mail.example,Engineer,Greek,PRIVATE_B
30000000003,Panagiota,Georgiou,Vasileios,79,FEMALE,35.08,139.13,Athens 149,6908334280,panagiota.georgiou4@mail.example,Engineer,Cypriot,ARMED_FORCES
30000000004,Anna,Vasiliou,Vasileios,6,FEMALE,17.21,129.18,Larisa 73,6979473864,anna.vasiliou5@mail.example,Clerk,Cypriot,UNINSURED
30000000005,Vasilis,Ioannou,Antonios,14,MALE,91.04,181.02,Piraeus 17,6953539613,vasilis.ioannou6@mail.example,Clerk,Italian,EFKA
30000000006,Stavros,Papadopoulos,Nikolaos,64,MALE,83.95,191.37,Larisa 84,6924991187,stavros.papadopoulos7@mail.example,Lawyer,Cypriot,EFKA
30000000007,Anastasia,Petrou,Anastasios,57,FEMALE,59.48,69.27,Volos 78,6927624671,anastasia.petrou8@mail.example,Technician,Italian,EFKA
30000000008,Michalis,Petrou,Panagiotis,75,MALE,11.01,180.87,Patras 98,6916556503,michalis.petrou9@mail.example,Retired,Cypriot,PRIVATE_A
30000000009,Vasiliki,Konstantinou,Anastasios,42,FEMALE,72.12,170.08,Athens 53,6957852945,vasiliki.konstantinou10@mail.example,Clerk,Cypriot,EFKA
30000000010,Giannis,Vasiliou,Ioannis,39,MALE,119.58,117.26,Piraeus 24,6991954198,giannis.vasiliou11@mail.example,Lawyer,Bulgarian,EFKA
30000000011,Dimitra,Sotiriou,Georgios,56,FEMALE,82.31,105.74,Larisa 103,6949878208,dimitra.sotiriou12@mail.example,Driver,Romanian,EFKA
30000000012,Georgia,Lazarou,Georgios,83,FEMALE,25.99,154.29,Piraeus 104,6931230347,georgia.lazarou13@mail.example,Lawyer,Romanian,ARMED_FORCES
30000000013,Marios,Lazarou,Ioannis,63,MALE,95.61,72.19,Athens 81,6994165162,marios.lazarou14@mail.example,Retired,Greek,PRIVATE_A
30000000014,Kostas,Vasiliou,Christos,53,MALE,36.48,141.63,Larisa 137,6951586734,kostas.vasiliou15@mail.example,Driver,Albanian,EFKA
30000000015,Evangelia,Sotiriou,Nikolaos,69,FEMALE,105.1,176.49,Larisa 3,6964413432,evangelia.sotiriou16@mail.example,Lawyer,Italian,EFKA
30000000016,Theodoros,Papadopoulos,Dimitrios,81,MALE,57.66,148.34,Athens 103,6934591123,theodoros.papadopoulos17@mail.example,Nurse,Italian,ARMED_FORCES
30000000017,Giorgos,Papadopoulos,Vasileios,83,MALE,76.54,94.73,Athens 119,6934206969,giorgos.papadopoulos18@mail.example,Student,Cypriot,EFKA
30000000018,Michalis,Lazarou,Georgios,37,MALE,91.6,114.67,Larisa 53,6993436262,michalis.lazarou19@mail.example,Teacher,Albanian,ARMED_FORCES
30000000019,Evangelia,Dimitriou,Panagiotis,75,FEMALE,84.64,124.56,Athens 121,6925636694,evangelia.dimitriou20@mail.example,Engineer,Greek,PRIVATE_A
30000000020,Evangelia,Dimitriou,Christos,46,FEMALE,119.63,187.11,Volos 12,6904896465,evangelia.dimitriou21@mail.example,Driver,Romanian,EFKA
30000000021,Katerina,Pavlidis,Christos,44,FEMALE,106.32,82.15,Patras 136,6962415027,katerina.pavlidis22@mail.example,Student,Italian,EFKA
30000000022,Spyros,Lazarou,Christos,7,MALE,29.16,72.09,Piraeus 10,6974276170,spyros.lazarou23@mail.example,Lawyer,Albanian,ARMED_FORCES
30000000023,Vasilis,Alexiou,Nikolaos,32,MALE,94.04,153.0,Patras 7,6941659152,vasilis.alexiou24@mail.example,Teacher,Greek,EFKA
30000000024,Eleni,Ioannou,Georgios,23,FEMALE,34.89,165.21,Larisa 23,6903266421,eleni.ioannou25@mail.example,Student,Bulgarian,UNINSURED
30000000025,Vasilis,Athanasiou,Anastasios,12,MALE,12.53,109.43,Larisa 58,6927881476,vasilis.athanasiou26@mail.example,Engineer,German,EFKA
30000000026,Marios,Alexiou,Georgios,32,MALE,66.59,103.41,Athens 142,6910818661,marios.alexiou27@mail.example,Lawyer,Italian,PRIVATE_B
30000000027,Nikos,Ioannou,Georgios,41,MALE,73.77,124.15,Larisa 68,6952321941,nikos.ioannou28@mail.example,Clerk,Romanian,EFKA
30000000028,Natalia,Vasiliou,Nikolaos,17,FEMALE,23.13,89.8,Athens 49,6903723683,natalia.vasiliou29@mail.example,Engineer,Albanian,PRIVATE_B
30000000029,Vasiliki,Papadopoulos,Nikolaos,22,FEMALE,109.07,161.04,Larisa 125,6970793349,vasiliki.papadopoulos30@mail.example,Clerk,Greek,EFKA
30000000030,Vasiliki,Lazarou,Christos,75,FEMALE,74.73,137.06,Patras 10,6976789973,vasiliki.lazarou31@mail.example,Teacher,Romanian,EFKA
30000000031,Andreas,Alexiou,Panagiotis,78,MALE,103.59,157.98,Larisa 34,6946657293,andreas.alexiou32@mail.example,Student,Italian,PRIVATE_B
30000000032,Theodoros,Nikolaou,Panagiotis,56,MALE,20.76,94.47,Volos 58,6974550842,theodoros.nikolaou33@mail.example,Nurse,Romanian,PRIVATE_A
30000000033,Dimitris,Athanasiou,Panagiotis,43,MALE,99.75,80.99,Piraeus 113,6960375482,dimitris.athanasiou34@mail.example,Engineer,Albanian,EFKA
30000000034,Chrysoula,Pavlidis,Panagiotis,4,FEMALE,57.57,165.12,Volos 18,6915562606,chrysoula.pavlidis35@mail.example,Teacher,Italian,ARMED_FORCES
30000000035,Marios,Theodorou,Vasileios,38,MALE,54.96,180.15,Volos 78,6955048926,marios.theodorou36@mail.example,Lawyer,Italian,EFKA
30000000036,Natalia,Athanasiou,Dimitrios,3,FEMALE,11.12,168.56,Volos 67,6934681054,natalia.athanasiou37@mail.example,Nurse,Albanian,EFKA
30000000037,Panagiotis,Pavlidis,Antonios,25,MALE,100.16,111.96,Athens 38,6966110627,panagiotis.pavlidis38@mail.example,Retired,Bulgarian,EFKA
30000000038,Stavros,Dimitriou,Christos,61,MALE,11.65,85.39,Volos 95,6919611594,stavros.dimitriou39@mail.example,Teacher,Romanian,EFKA
30000000039,Evangelia,Vasiliou,Konstantinos,24,FEMALE,99.74,128.54,Athens 141,6951067949,evangelia.vasiliou40@mail.example,Lawyer,Albanian,PRIVATE_B
30000000040,Theodoros,Konstantinou,Antonios,53,MALE,51.37,182.03,Patras 139,6907412094,theodoros.konstantinou41@mail.example,Nurse,Italian,EFKA
30000000041,Theodoros,Pavlidis,Antonios,42,MALE,53.0,70.85,Athens 88,6962608564,theodoros.pavlidis42@mail.example,Engineer,Greek,ARMED_FORCES
30000000042,Georgia,Ioannou,Nikolaos,7,FEMALE,30.69,162.78,Volos 61,6978861405,georgia.ioannou43@mail.example,Lawyer,Romanian,EFKA
30000000043,Ioanna,Ioannou,Christos,11,FEMALE,102.78,130.06,Piraeus 96,6982386870,ioanna.ioannou44@mail.example,Teacher,German,EFKA
30000000044,Eleni,Ioannou,Nikolaos,18,FEMALE,89.21,194.85,Larisa 54,6998554743,eleni.ioannou45@mail.example,Farmer,Albanian,EFKA
30000000045,Chrysoula,Ioannou,Antonios,46,FEMALE,51.32,174.09,Athens 32,6975370304,chrysoula.ioannou46@mail.example,Farmer,Cypriot,EFKA
30000000046,Nikos,Konstantinou,Dimitrios,9,MALE,22.27,186.36,Piraeus 134,6943089487,nikos.konstantinou47@mail.example,Teacher,Bulgarian,PRIVATE_A
30000000047,Sofia,Petrou,Nikolaos,74,FEMALE,98.46,193.73,Piraeus 109,6913325411,sofia.petrou48@mail.example,Teacher,Bulgarian,EFKA
30000000048,Chrysoula,Vasiliou,Konstantinos,14,FEMALE,61.04,189.64,Athens 86,6983199717,chrysoula.vasiliou49@mail.example,Technician,Greek,EFKA
30000000049,Vasilis,Petrou,Nikolaos,17,MALE,14.94,169.31,Athens 78,6996110804,vasilis.petrou50@mail.example,Clerk,Bulgarian,EFKA
30000000050,Despoina,Athanasiou,Ioannis,59,FEMALE,65.93,141.42,Athens 27,6909193928,despoina.athanasiou51@mail.example,Student,Albanian,EFKA
30000000051,Georgia,Petrou,Ioannis,67,FEMALE,73.68,153.18,Athens 61,6988065333,georgia.petrou52@mail.example,Engineer,Albanian,EFKA
30000000052,Katerina,Nikolaou,Christos,6,FEMALE,63.54,184.59,Piraeus 59,6979337563,katerina.nikolaou53@mail.example,Clerk,Cypriot,UNINSURED
30000000053,Maria,Nikolaou,Panagiotis,4,FEMALE,70.13,83.51,Larisa 50,6995003342,maria.nikolaou54@mail.example,Retired,Albanian,PRIVATE_B
30000000054,Despoina,Sotiriou,Nikolaos,44,FEMALE,112.84,104.66,Piraeus 95,6952896112,despoina.sotiriou55@mail.example,Driver,German,EFKA
30000000055,Sofia,Theodorou,Nikolaos,61,FEMALE,96.59,144.94,Piraeus 131,6968578725,sofia.theodorou56@mail.example,Farmer,Romanian,PRIVATE_A
30000000056,Dimitris,Sotiriou,Nikolaos,38,MALE,57.78,110.7,Volos 11,6978956776,dimitris.sotiriou57@mail.example,Clerk,Albanian,UNINSURED
30000000057,Theodoros,Vasiliou,Konstantinos,13,MALE,21.28,111.83,Volos 52,6953544439,theodoros.vasiliou58@mail.example,Driver,German,PRIVATE_B
30000000058,Anna,Lazarou,Christos,44,FEMALE,96.69,105.7,Piraeus 110,6963778052,anna.lazarou59@mail.example,Technician,German,EFKA
30000000059,Vasiliki,Dimitriou,Anastasios,9,FEMALE,67.86,89.48,Athens 85,6997412182,vasiliki.dimitriou60@mail.example,Teacher,German,PRIVATE_A
30000000060,Maria,Petrou,Vasileios,2,FEMALE,27.24,176.76,Larisa 101,6921286716,maria.petrou61@mail.example,Retired,Cypriot,UNINSURED
30000000061,Sofia,Papadopoulos,Dimitrios,58,FEMALE,15.16,116.9,Piraeus 135,6959777901,sofia.papadopoulos62@mail.example,Student,Italian,UNINSURED
30000000062,Vasiliki,Alexiou,Dimitrios,90,FEMALE,71.68,116.16,Athens 62,6924841376,vasiliki.alexiou63@mail.example,Nurse,Greek,ARMED_FORCES
30000000063,Spyros,Sotiriou,Panagiotis,53,MALE,58.5,97.86,Volos 12,6970176563,spyros.sotiriou64@mail.example,Clerk,Greek,EFKA
30000000064,Panagiotis,Athanasiou,Christos,63,MALE,59.67,75.73,Piraeus 113,6927422091,panagiotis.athanasiou65@mail.example,Driver,Albanian,EFKA
30000000065,Andreas,Papadopoulos,Ioannis,49,MALE,93.92,185.75,Patras 62,6931060053,andreas.papadopoulos66@mail.example,Engineer,Cypriot,ARMED_FORCES
30000000066,Stavros,Georgiou,Ioannis,54,MALE,65.4,171.03,Patras 144,6939386613,stavros.georgiou67@mail.example,Retired,Greek,EFKA
30000000067,Vasilis,Athanasiou,Panagiotis,2,MALE,51.59,124.64,Athens 72,6995013649,vasilis.athanasiou68@mail.example,Lawyer,Greek,PRIVATE_B
30000000068,Kostas,Papadopoulos,Antonios,16,MALE,42.59,160.93,Piraeus 21,6902574326,kostas.papadopoulos69@mail.example,Retired,Italian,EFKA
30000000069,Dimitra,Petrou,Dimitrios,57,FEMALE,78.54,73.4,Larisa 18,6930232129,dimitra.petrou70@mail.example,Nurse,German,PRIVATE_B
30000000070,Spyros,Nikolaou,Anastasios,60,MALE,42.88,158.82,Piraeus 109,6929344973,spyros.nikolaou71@mail.example,Student,German,PRIVATE_B
30000000071,Vasiliki,Ioannou,Dimitrios,61,FEMALE,57.43,130.69,Larisa 40,6970661498,vasiliki.ioannou72@mail.example,Driver,Romanian,PRIVATE_B
30000000072,Stavros,Kostopoulos,Konstantinos,20,MALE,110.61,65.54,Volos 96,6976665674,stavros.kostopoulos73@mail.example,Technician,Greek,EFKA
30000000073,Vasilis,Alexiou,Antonios,21,MALE,29.75,121.72,Patras 90,6987506633,vasilis.alexiou74@mail.example,Lawyer,Greek,ARMED_FORCES
30000000074,Giorgos,Nikolaou,Nikolaos,83,MALE,87.7,114.97,Volos 21,6983626448,giorgos.nikolaou75@mail.example,Nurse,Italian,UNINSURED
30000000075,Anna,Ioannou,Dimitrios,23,FEMALE,49.96,156.53,Piraeus 125,6928179323,anna.ioannou76@mail.example,Teacher,Italian,EFKA
30000000076,Evangelia,Lazarou,Anastasios,57,FEMALE,78.21,146.17,Piraeus 21,6941614150,evangelia.lazarou77@mail.example,Technician,Cypriot,EFKA
30000000077,Panagiota,Athanasiou,Panagiotis,41,FEMALE,99.49,187.33,Larisa 97,6990551076,panagiota.athanasiou78@mail.example,Driver,Greek,PRIVATE_A
30000000078,Anna,Konstantinou,Nikolaos,45,FEMALE,55.93,186.09,Larisa 26,6964932898,anna.konstantinou79@mail.example,Teacher,Cypriot,EFKA
30000000079,Chrysoula,Athanasiou,Vasileios,60,FEMALE,26.82,123.02,Athens 124,6983332116,chrysoula.athanasiou80@mail.example,Teacher,Cypriot,ARMED_FORCES
30000000080,Chrysoula,Dimitriou,Antonios,77,FEMALE,15.24,109.62,Larisa 144,6963341411,chrysoula.dimitriou81@mail.example,Engineer,Albanian,PRIVATE_B
30000000081,Andreas,Petrou,Dimitrios,41,MALE,114.86,140.0,Athens 80,6909836655,andreas.petrou82@mail.example,Driver,Romanian,PRIVATE_A
30000000082,Giannis,Lazarou,Antonios,62,MALE,78.68,93.04,Patras 97,6905233027,giannis.lazarou83@mail.example,Clerk,Albanian,ARMED_FORCES
30000000083,Michalis,Alexiou,Georgios,59,MALE,81.32,140.03,Larisa 124,6942333059,michalis.alexiou84@mail.example,Engineer,Italian,PRIVATE_B
30000000084,Vasiliki,Athanasiou,Dimitrios,8,FEMALE,18.76,191.64,Piraeus 14,6918596263,vasiliki.athanasiou85@mail.example,Teacher,Greek,EFKA
30000000085,Nikos,Nikolaou,Nikolaos,16,MALE,62.79,151.94,Volos 58,6909997419,nikos.nikolaou86@mail.example,Driver,Bulgarian,EFKA
30000000086,Theodoros,Sotiriou,Konstantinos,85,MALE,108.53,88.49,Volos 47,6908751029,theodoros.sotiriou87@mail.example,Retired,Italian,EFKA
30000000087,Anna,Petrou,Vasileios,46,FEMALE,75.89,131.38,Athens 12,6930324329,anna.petrou88@mail.example,Nurse,Cypriot,PRIVATE_A
30000000088,Eleni,Vasiliou,Anastasios,89,FEMALE,24.04,91.49,Patras 50,6959892625,eleni.vasiliou89@mail.example,Clerk,Bulgarian,EFKA
30000000089,Eleni,Sotiriou,Nikolaos,23,FEMALE,66.97,178.82,Volos 126,6918594849,eleni.sotiriou90@mail.example,Engineer,Greek,EFKA
30000000090,Marios,Georgiou,Dimitrios,49,MALE,71.57,99.76,Patras 64,6996727578,marios.georgiou91@mail.example,Student,Albanian,ARMED_FORCES
30000000091,Despoina,Pavlidis,Dimitrios,62,FEMALE,63.75,154.07,Volos 32,6960930685,despoina.pavlidis92@mail.example,Retired,Italian,PRIVATE_A
30000000092,Evangelia,Athanasiou,Konstantinos,70,FEMALE,103.29,176.51,Patras 77,6974430963,evangelia.athanasiou93@mail.example,Student,Italian,EFKA
30000000093,Evangelia,Konstantinou,Christos,8,FEMALE,47.84,145.02,Patras 77,6951052650,evangelia.konstantinou94@mail.example,Engineer,Bulgarian,EFKA
30000000094,Vasilis,Nikolaou,Christos,1,MALE,4.4,150.36,Piraeus 121,6965456284,vasilis.nikolaou95@mail.example,Engineer,Bulgarian,PRIVATE_A
30000000095,Vasilis,Ioannou,Panagiotis,5,MALE,25.96,90.87,Larisa 69,6916787256,vasilis.ioannou96@mail.example,Nurse,Italian,ARMED_FORCES
30000000096,Vasiliki,Konstantinou,Ioannis,56,FEMALE,61.78,101.69,Athens 110,6939282341,vasiliki.konstantinou97@mail.example,Student,Italian,EFKA
30000000097,Vasilis,Papadopoulos,Georgios,25,MALE,112.06,120.42,Volos 52,6910668433,vasilis.papadopoulos98@mail.example,Farmer,Bulgarian,EFKA
30000000098,Evangelia,Konstantinou,Nikolaos,56,FEMALE,28.7,188.28,Patras 86,6941108255,evangelia.konstantinou99@mail.example,Farmer,Italian,PRIVATE_B
30000000099,Anna,Kostopoulos,Konstantinos,69,FEMALE,88.73,70.7,Piraeus 108,6984855716,anna.kostopoulos100@mail.example,Engineer,Bulgarian,EFKA
30000000100,Vasiliki,Konstantinou,Georgios,27,FEMALE,28.62,85.8,Piraeus 3,6987884434,vasiliki.konstantinou101@mail.example,Student,Romanian,EFKA
30000000101,Spyros,Dimitriou,Georgios,6,MALE,79.64,187.47,Patras 35,6940338105,spyros.dimitriou102@mail.example,Technician,Albanian,EFKA
30000000102,Michalis,Kostopoulos,Konstantinos,42,MALE,38.1,140.62,Larisa 40,6973652717,michalis.kostopoulos103@mail.example,Driver,Bulgarian,EFKA
30000000103,Andreas,Kostopoulos,Dimitrios,83,MALE,39.59,105.32,Piraeus 101,6993121637,andreas.kostopoulos104@mail.example,Clerk,Greek,PRIVATE_B
30000000104,Andreas,Nikolaou,Anastasios,50,MALE,10.32,172.45,Athens 34,6931429001,andreas.nikolaou105@mail.example,Nurse,Italian,UNINSURED
30000000105,Spyros,Alexiou,Anastasios,19,MALE,8.14,94.16,Piraeus 110,6962543617,spyros.alexiou106@mail.example,Driver,Greek,EFKA
30000000106,Dimitra,Petrou,Antonios,24,FEMALE,84.1,84.53,Patras 74,6951475410,dimitra.petrou107@mail.example,Driver,German,PRIVATE_A
30000000107,Katerina,Georgiou,Anastasios,46,FEMALE,43.76,120.1,Larisa 86,6923668788,katerina.georgiou108@mail.example,Lawyer,Romanian,EFKA
30000000108,Eleni,Konstantinou,Anastasios,68,FEMALE,72.72,155.15,Piraeus 23,6935030587,eleni.konstantinou109@mail.example,Driver,Greek,EFKA
30000000109,Stavros,Georgiou,Nikolaos,90,MALE,86.84,114.07,Athens 109,6950191792,stavros.georgiou110@mail.example,Teacher,Cypriot,EFKA
30000000110,Nikos,Papadopoulos,Antonios,54,MALE,24.77,88.72,Piraeus 136,6947657041,nikos.papadopoulos111@mail.example,Driver,Greek,UNINSURED
30000000111,Spyros,Georgiou,Ioannis,51,MALE,101.26,153.39,Larisa 142,6949843624,spyros.georgiou112@mail.example,Engineer,Romanian,EFKA
30000000112,Vasilis,Konstantinou,Ioannis,29,MALE,51.94,171.93,Volos 20,6977566205,vasilis.konstantinou113@mail.example,Clerk,Cypriot,EFKA
30000000113,Panagiotis,Konstantinou,Panagiotis,4,MALE,34.83,86.16,Athens 17,6939043830,panagiotis.konstantinou114@mail.example,Retired,Albanian,EFKA
30000000114,Evangelia,Theodorou,Vasileios,13,FEMALE,64.24,165.76,Athens 98,6979042271,evangelia.theodorou115@mail.example,Engineer,Italian,EFKA
30000000115,Theodoros,Theodorou,Dimitrios,65,MALE,65.83,159.73,Volos 88,6972545960,theodoros.theodorou116@mail.example,Clerk,Cypriot,EFKA
30000000116,Eleni,Nikolaou,Dimitrios,91,FEMALE,94.46,98.53,Larisa 66,6972197054,eleni.nikolaou117@mail.example,Clerk,Bulgarian,UNINSURED
30000000117,Katerina,Konstantinou,Anastasios,10,FEMALE,32.98,178.64,Athens 90,6977871121,katerina.konstantinou118@mail.example,Clerk,German,EFKA
30000000118,Spyros,Georgiou,Christos,19,MALE,79.7,106.62,Athens 98,6905673030,spyros.georgiou119@mail.example,Clerk,Albanian,EFKA
30000000119,Dimitris,Nikolaou,Georgios,52,MALE,17.15,178.59,Larisa 108,6983420165,dimitris.nikolaou120@mail.example,Student,Cypriot,EFKA
30000000120,Nikos,Theodorou,Antonios,79,MALE,24.2,151.33,Patras 4,6927275164,nikos.theodorou121@mail.example,Nurse,Italian,EFKA
30000000121,Andreas,Ioannou,Konstantinos,45,MALE,31.49,89.85,Volos 4,6955044817,andreas.ioannou122@mail.example,Lawyer,Bulgarian,EFKA
30000000122,Spyros,Ioannou,Anastasios,37,MALE,102.65,154.51,Larisa 73,6991111096,spyros.ioannou123@mail.example,Engineer,Bulgarian,PRIVATE_B
30000000123,Maria,Petrou,Konstantinos,65,FEMALE,39.76,179.35,Patras 79,6963060002,maria.petrou124@mail.example,Farmer,German,UNINSURED
30000000124,Sofia,Nikolaou,Dimitrios,65,FEMALE,21.26,140.0,Larisa 67,6982531106,sofia.nikolaou125@mail.example,Teacher,Italian,PRIVATE_B
30000000125,Andreas,Theodorou,Vasileios,11,MALE,72.04,68.29,Piraeus 117,6952334383,andreas.theodorou126@mail.example,Clerk,German,EFKA
30000000126,Eleni,Alexiou,Dimitrios,81,FEMALE,10.59,193.02,Athens 29,6979112442,eleni.alexiou127@mail.example,Engineer,Greek,EFKA
30000000127,Marios,Ioannou,Anastasios,41,MALE,78.96,123.61,Piraeus 47,6940299015,marios.ioannou128@mail.example,Farmer,Bulgarian,ARMED_FORCES
30000000128,Stavros,Theodorou,Dimitrios,35,MALE,38.65,90.9,Athens 90,6984776863,stavros.theodorou129@mail.example,Student,Cypriot,EFKA
30000000129,Panagiota,Alexiou,Nikolaos,58,FEMALE,26.73,69.39,Volos 65,6996498560,panagiota.alexiou130@mail.example,Engineer,Cypriot,UNINSURED
30000000130,Panagiotis,Theodorou,Ioannis,92,MALE,44.83,125.5,Patras 60,6981649383,panagiotis.theodorou131@mail.example,Engineer,Romanian,EFKA
30000000131,Ioanna,Ioannou,Konstantinos,74,FEMALE,10.38,67.32,Volos 2,6974260880,ioanna.ioannou132@mail.example,Farmer,Italian,EFKA
30000000132,Ioanna,Papadopoulos,Anastasios,39,FEMALE,86.0,124.1,Athens 96,6991030021,ioanna.papadopoulos133@mail.example,Farmer,German,PRIVATE_A
30000000133,Giannis,Nikolaou,Georgios,43,MALE,85.05,167.91,Larisa 70,6922971252,giannis.nikolaou134@mail.example,Technician,German,ARMED_FORCES
30000000134,Sofia,Nikolaou,Georgios,38,FEMALE,87.67,110.89,Piraeus 53,6911703037,sofia.nikolaou135@mail.example,Clerk,Cypriot,EFKA
30000000135,Kostas,Alexiou,Panagiotis,50,MALE,117.21,177.82,Volos 52,6963146249,kostas.alexiou136@mail.example,Engineer,Cypriot,EFKA
30000000136,Kostas,Papadopoulos,Christos,24,MALE,37.88,126.91,Volos 116,6954181563,kostas.papadopoulos137@mail.example,Driver,Bulgarian,EFKA
30000000137,Marios,Dimitriou,Nikolaos,29,MALE,20.9,181.36,Volos 69,6931814396,marios.dimitriou138@mail.example,Clerk,Bulgarian,EFKA
30000000138,Dimitris,Georgiou,Panagiotis,59,MALE,23.89,66.66,Larisa 110,6950241209,dimitris.georgiou139@mail.example,Farmer,Bulgarian,PRIVATE_A
30000000139,Theodoros,Georgiou,Nikolaos,13,MALE,42.12,160.7,Larisa 126,6958474570,theodoros.georgiou140@mail.example,Farmer,Albanian,PRIVATE_B
30000000140,Christos,Ioannou,Nikolaos,36,MALE,106.24,153.24,Larisa 135,6924556964,christos.ioannou141@mail.example,Student,Cypriot,EFKA
30000000141,Georgia,Nikolaou,Georgios,2,FEMALE,58.83,93.25,Volos 32,6907406500,georgia.nikolaou142@mail.example,Student,Cypriot,EFKA
30000000142,Giannis,Dimitriou,Ioannis,61,MALE,112.49,97.33,Larisa 109,6961449429,giannis.dimitriou143@mail.example,Clerk,Italian,UNINSURED
30000000143,Dimitra,Alexiou,Panagiotis,60,FEMALE,47.67,125.65,Larisa 119,6908061294,dimitra.alexiou144@mail.example,Retired,Romanian,EFKA
30000000144,Maria,Sotiriou,Anastasios,17,FEMALE,53.13,65.77,Volos 118,6901041591,maria.sotiriou145@mail.example,Student,Romanian,EFKA
30000000145,Kostas,Alexiou,Dimitrios,39,MALE,78.36,158.49,Athens 125,6993110291,kostas.alexiou146@mail.example,Nurse,Greek,EFKA
30000000146,Maria,Lazarou,Vasileios,57,FEMALE,51.76,185.39,Patras 104,6972384979,maria.lazarou147@mail.example,Engineer,Bulgarian,EFKA
30000000147,Dimitris,Lazarou,Konstantinos,22,MALE,65.29,155.95,Piraeus 122,6974419754,dimitris.lazarou148@mail.example,Clerk,Bulgarian,PRIVATE_A
30000000148,Vasiliki,Lazarou,Anastasios,19,FEMALE,11.13,124.42,Volos 100,6909409705,vasiliki.lazarou149@mail.example,Driver,Bulgarian,UNINSURED
30000000149,Dimitris,Athanasiou,Dimitrios,46,MALE,81.46,138.21,Larisa 36,6944617679,dimitris.athanasiou150@mail.example,Driver,Romanian,PRIVATE_B
30000000150,Nikos,Alexiou,Dimitrios,50,MALE,92.65,119.61,Athens 16,6994101759,nikos.alexiou151@mail.example,Teacher,Cypriot,EFKA
30000000151,Theodoros,Georgiou,Ioannis,47,MALE,94.73,138.88,Athens 88,6928733978,theodoros.georgiou152@mail.example,Farmer,Albanian,PRIVATE_A
30000000152,Evangelia,Lazarou,Georgios,50,FEMALE,86.77,73.83,Piraeus 74,6918938984,evangelia.lazarou153@mail.example,Clerk,Romanian,EFKA
30000000153,Panagiotis,Nikolaou,Anastasios,77,MALE,90.8,185.82,Volos 123,6924010783,panagiotis.nikolaou154@mail.example,Farmer,Bulgarian,EFKA
30000000154,Christos,Papadopoulos,Ioannis,26,MALE,67.83,176.84,Athens 142,6970662668,christos.papadopoulos155@mail.example,Driver,Greek,EFKA
30000000155,Petros,Georgiou,Georgios,6,MALE,43.18,143.31,Piraeus 75,6929671114,petros.georgiou156@mail.example,Nurse,Cypriot,EFKA
30000000156,Kostas,Alexiou,Dimitrios,67,MALE,33.82,161.45,Piraeus 32,6952037710,kostas.alexiou157@mail.example,Lawyer,German,EFKA
30000000157,Anastasia,Papadopoulos,Konstantinos,27,FEMALE,50.48,150.79,Volos 14,6940850954,anastasia.papadopoulos158@mail.example,Technician,Cypriot,PRIVATE_B
30000000158,Vasiliki,Konstantinou,Antonios,67,FEMALE,37.13,189.84,Larisa 61,6920441384,vasiliki.konstantinou159@mail.example,Farmer,Romanian,EFKA
30000000159,Vasilis,Papadopoulos,Antonios,11,MALE,38.96,144.34,Patras 17,6972444723,vasilis.papadopoulos160@mail.example,Driver,Cypriot,UNINSURED
30000000160,Eleni,Nikolaou,Vasileios,57,FEMALE,20.68,75.07,Piraeus 84,6995616420,eleni.nikolaou161@mail.example,Farmer,Romanian,PRIVATE_B
30000000161,Christos,Konstantinou,Ioannis,14,MALE,76.21,170.04,Volos 131,6995369026,christos.konstantinou162@mail.example,Engineer,Greek,ARMED_FORCES
30000000162,Dimitra,Theodorou,Nikolaos,68,FEMALE,97.4,143.92,Volos 134,6975439435,dimitra.theodorou163@mail.example,Retired,German,PRIVATE_B
30000000163,Christos,Petrou,Christos,78,MALE,33.8,167.22,Piraeus 146,6928369294,christos.petrou164@mail.example,Student,Albanian,EFKA
30000000164,Vasiliki,Pavlidis,Dimitrios,74,FEMALE,63.35,179.59,Piraeus 47,6970216487,vasiliki.pavlidis165@mail.example,Engineer,Cypriot,UNINSURED
30000000165,Anna,Pavlidis,Konstantinos,92,FEMALE,40.86,108.79,Patras 28,6901576764,anna.pavlidis166@mail.example,Lawyer,Italian,EFKA
30000000166,Dimitris,Alexiou,Ioannis,76,MALE,74.42,152.61,Larisa 98,6957289413,dimitris.alexiou167@mail.example,Student,Bulgarian,EFKA
30000000167,Katerina,Nikolaou,Georgios,36,FEMALE,62.5,94.07,Piraeus 74,6949134213,katerina.nikolaou168@mail.example,Nurse,German,EFKA
30000000168,Andreas,Alexiou,Ioannis,70,MALE,68.25,90.37,Larisa 7,6953496782,andreas.alexiou169@mail.example,Lawyer,Albanian,ARMED_FORCES
30000000169,Stavros,Theodorou,Panagiotis,5,MALE,56.54,186.21,Volos 82,6938003296,stavros.theodorou170@mail.example,Retired,Italian,EFKA
30000000170,Eleni,Kostopoulos,Vasileios,79,FEMALE,31.36,88.15,Larisa 68,6996935782,eleni.kostopoulos171@mail.example,Student,German,EFKA
30000000171,Christos,Alexiou,Georgios,54,MALE,116.57,107.3,Larisa 30,6927515627,christos.alexiou172@mail.example,Lawyer,Romanian,EFKA
30000000172,Giannis,Vasiliou,Vasileios,28,MALE,107.66,166.77,Athens 144,6954566766,giannis.vasiliou173@mail.example,Student,Greek,EFKA
30000000173,Eleni,Sotiriou,Panagiotis,46,FEMALE,93.89,136.88,Athens 133,6935832863,eleni.sotiriou174@mail.example,Student,German,EFKA
30000000174,Natalia,Kostopoulos,Ioannis,21,FEMALE,39.71,68.15,Piraeus 9,6941662411,natalia.kostopoulos175@mail.example,Engineer,Romanian,PRIVATE_B
30000000175,Despoina,Konstantinou,Christos,49,FEMALE,40.62,77.1,Larisa 144,6947488360,despoina.konstantinou176@mail.example,Lawyer,Italian,EFKA
30000000176,Ioanna,Nikolaou,Georgios,43,FEMALE,24.1,146.89,Athens 25,6982379312,ioanna.nikolaou177@mail.example,Clerk,Romanian,UNINSURED
30000000177,Panagiota,Athanasiou,Konstantinos,42,FEMALE,59.67,127.79,Volos 21,6916162028,panagiota.athanasiou178@mail.example,Engineer,Cypriot,EFKA
30000000178,Christos,Ioannou,Christos,22,MALE,78.13,133.2,Piraeus 141,6966041644,christos.ioannou179@mail.example,Nurse,Albanian,PRIVATE_A
30000000179,Anastasia,Kostopoulos,Konstantinos,43,FEMALE,111.83,158.62,Piraeus 43,6987056227,anastasia.kostopoulos180@mail.example,Engineer,Greek,EFKA
30000000180,Stavros,Nikolaou,Vasileios,59,MALE,45.08,72.94,Larisa 41,6915835034,stavros.nikolaou181@mail.example,Student,German,ARMED_FORCES
30000000181,Nikos,Theodorou,Konstantinos,36,MALE,27.97,138.28,Piraeus 134,6996599949,nikos.theodorou182@mail.example,Lawyer,Cypriot,EFKA
30000000182,Nikos,Alexiou,Antonios,19,MALE,24.05,126.81,Athens 83,6910287675,nikos.alexiou183@mail.example,Student,Romanian,PRIVATE_B
30000000183,Vasiliki,Sotiriou,Anastasios,91,FEMALE,61.14,105.53,Volos 82,6981932426,vasiliki.sotiriou184@mail.example,Nurse,Bulgarian,EFKA
30000000184,Andreas,Pavlidis,Konstantinos,49,MALE,49.91,186.32,Athens 51,6975830945,andreas.pavlidis185@mail.example,Engineer,Albanian,ARMED_FORCES
30000000185,Giorgos,Petrou,Ioannis,79,MALE,108.16,84.91,Piraeus 34,6916107051,giorgos.petrou186@mail.example,Nurse,Albanian,ARMED_FORCES
30000000186,Panagiotis,Lazarou,Panagiotis,91,MALE,26.95,193.22,Patras 133,6906601382,panagiotis.lazarou187@mail.example,Student,Greek,EFKA
30000000187,Ioanna,Dimitriou,Vasileios,53,FEMALE,27.37,162.09,Athens 80,6948515791,ioanna.dimitriou188@mail.example,Technician,Bulgarian,EFKA
30000000188,Stavros,Nikolaou,Dimitrios,41,MALE,74.21,190.55,Piraeus 3,6935713432,stavros.nikolaou189@mail.example,Student,Greek,EFKA
30000000189,Georgia,Theodorou,Christos,34,FEMALE,18.35,111.17,Patras 90,6987209628,georgia.theodorou190@mail.example,Technician,Cypriot,ARMED_FORCES
30000000190,Sofia,Kostopoulos,Georgios,5,FEMALE,111.25,132.21,Piraeus 122,6927955969,sofia.kostopoulos191@mail.example,Teacher,Albanian,PRIVATE_B
30000000191,Anna,Ioannou,Christos,32,FEMALE,36.29,113.52,Patras 124,6964038166,anna.ioannou192@mail.example,Student,Romanian,EFKA
30000000192,Spyros,Georgiou,Georgios,77,MALE,116.11,187.57,Piraeus 146,6922501425,spyros.georgiou193@mail.example,Lawyer,Bulgarian,EFKA
30000000193,Kostas,Alexiou,Dimitrios,39,MALE,42.44,89.0,Piraeus 112,6913285072,kostas.alexiou194@mail.example,Farmer,Greek,EFKA
30000000194,Anastasia,Athanasiou,Antonios,4,FEMALE,32.83,144.11,Piraeus 95,6955809961,anastasia.athanasiou195@mail.example,Retired,Cypriot,EFKA
30000000195,Giannis,Ioannou,Nikolaos,44,MALE,51.02,88.38,Piraeus 73,6946704622,giannis.ioannou196@mail.example,Clerk,Italian,EFKA
30000000196,Natalia,Nikolaou,Panagiotis,88,FEMALE,90.06,150.26,Larisa 4,6925298670,natalia.nikolaou197@mail.example,Lawyer,Italian,ARMED_FORCES
30000000197,Anna,Petrou,Vasileios,47,FEMALE,20.51,88.25,Larisa 137,6961205943,anna.petrou198@mail.example,Nurse,German,PRIVATE_A
30000000198,Georgia,Ioannou,Panagiotis,87,FEMALE,41.17,171.49,Volos 69,6924560754,georgia.ioannou199@mail.example,Teacher,Romanian,EFKA
30000000199,Panagiotis,Petrou,Ioannis,19,MALE,76.25,159.1,Athens 98,6981546602,panagiotis.petrou200@mail.example,Student,Italian,PRIVATE_A
30000000200,Eleni,Sotiriou,Konstantinos,74,FEMALE,37.23,104.42,Volos 139,6930597364,eleni.sotiriou201@mail.example,Driver,Albanian,EFKA
30000000201,Evangelia,Georgiou,Georgios,35,FEMALE,8.57,91.93,Larisa 34,6944795133,evangelia.georgiou202@mail.example,Teacher,Italian,EFKA
30000000202,Anna,Theodorou,Antonios,59,FEMALE,73.85,147.52,Patras 139,6967805555,anna.theodorou203@mail.example,Lawyer,Cypriot,EFKA
30000000203,Dimitris,Konstantinou,Antonios,22,MALE,77.92,138.44,Larisa 6,6948736826,dimitris.konstantinou204@mail.example,Technician,German,EFKA
30000000204,Vasilis,Alexiou,Antonios,36,MALE,43.77,112.21,Athens 82,6988863677,vasilis.alexiou205@mail.example,Student,German,ARMED_FORCES
30000000205,Vasilis,Vasiliou,Ioannis,69,MALE,100.95,164.18,Piraeus 26,6969666309,vasilis.vasiliou206@mail.example,Retired,Cypriot,PRIVATE_A
30000000206,Anna,Lazarou,Konstantinos,23,FEMALE,60.88,157.66,Piraeus 83,6924103977,anna.lazarou207@mail.example,Retired,Italian,PRIVATE_A
30000000207,Petros,Pavlidis,Nikolaos,78,MALE,101.84,178.37,Piraeus 63,6971006876,petros.pavlidis208@mail.example,Engineer,German,EFKA
30000000208,Chrysoula,Lazarou,Ioannis,47,FEMALE,52.74,185.56,Larisa 110,6911249125,chrysoula.lazarou209@mail.example,Clerk,Italian,EFKA
30000000209,Sofia,Vasiliou,Nikolaos,43,FEMALE,79.91,74.63,Larisa 63,6945475749,sofia.vasiliou210@mail.example,Student,Romanian,EFKA
30000000210,Spyros,Vasiliou,Ioannis,29,MALE,106.58,138.26,Patras 79,6929477422,spyros.vasiliou211@mail.example,Driver,Romanian,EFKA
30000000211,Anna,Pavlidis,Vasileios,52,FEMALE,61.42,182.0,Patras 40,6998585672,anna.pavlidis212@mail.example,Nurse,Bulgarian,EFKA
30000000212,Marios,Dimitriou,Panagiotis,64,MALE,59.44,183.65,Athens 135,6933506158,marios.dimitriou213@mail.example,Engineer,Albanian,PRIVATE_A
30000000213,Eleni,Theodorou,Konstantinos,9,FEMALE,109.49,82.23,Patras 16,6933399771,eleni.theodorou214@mail.example,Nurse,German,EFKA
30000000214,Maria,Vasiliou,Anastasios,77,FEMALE,38.32,147.05,Patras 130,6978444835,maria.vasiliou215@mail.example,Student,Italian,PRIVATE_A
30000000215,Nikos,Sotiriou,Anastasios,87,MALE,42.12,185.29,Larisa 88,6982313348,nikos.sotiriou216@mail.example,Student,Albanian,PRIVATE_B
30000000216,Michalis,Georgiou,Antonios,85,MALE,25.6,189.37,Larisa 107,6943474524,michalis.georgiou217@mail.example,Farmer,Italian,EFKA
30000000217,Panagiotis,Ioannou,Anastasios,42,MALE,70.5,161.07,Piraeus 129,6974113257,panagiotis.ioannou218@mail.example,Technician,Bulgarian,ARMED_FORCES
30000000218,Anna,Alexiou,Christos,32,FEMALE,39.38,143.87,Larisa 16,6910548574,anna.alexiou219@mail.example,Engineer,Bulgarian,EFKA
30000000219,Michalis,Sotiriou,Panagiotis,47,MALE,109.37,122.96,Piraeus 48,6957375534,michalis.sotiriou220@mail.example,Student,Romanian,PRIVATE_B
30000000220,Nikos,Athanasiou,Anastasios,55,MALE,52.39,128.23,Athens 136,6908509608,nikos.athanasiou221@mail.example,Farmer,German,EFKA
30000000221,Andreas,Alexiou,Christos,79,MALE,80.82,89.82,Athens 111,6947725129,andreas.alexiou222@mail.example,Farmer,Bulgarian,EFKA
30000000222,Theodoros,Lazarou,Antonios,46,MALE,108.04,157.94,Volos 40,6932342108,theodoros.lazarou223@mail.example,Technician,German,EFKA
30000000223,Eleni,Petrou,Panagiotis,30,FEMALE,81.71,91.22,Piraeus 109,6943350271,eleni.petrou224@mail.example,Clerk,Greek,EFKA
30000000224,Petros,Theodorou,Antonios,46,MALE,91.96,106.19,Piraeus 54,6918574817,petros.theodorou225@mail.example,Teacher,Greek,EFKA
30000000225,Evangelia,Kostopoulos,Ioannis,36,FEMALE,89.72,181.65,Athens 37,6932902822,evangelia.kostopoulos226@mail.example,Lawyer,German,EFKA
30000000226,Evangelia,Lazarou,Georgios,80,FEMALE,43.96,166.82,Patras 8,6970260869,evangelia.lazarou227@mail.example,Nurse,Cypriot,EFKA
30000000227,Evangelia,Dimitriou,Nikolaos,54,FEMALE,118.68,79.61,Larisa 119,6968729047,evangelia.dimitriou228@mail.example,Lawyer,Albanian,EFKA
30000000228,Giannis,Georgiou,Georgios,43,MALE,87.57,125.08,Volos 134,6989425652,giannis.georgiou229@mail.example,Technician,Italian,ARMED_FORCES
30000000229,Despoina,Papadopoulos,Konstantinos,24,FEMALE,9.6,147.5,Piraeus 42,6965097753,despoina.papadopoulos230@mail.example,Technician,Bulgarian,EFKA
30000000230,Ioanna,Vasiliou,Vasileios,57,FEMALE,21.2,101.31,Volos 87,6952457871,ioanna.vasiliou231@mail.example,Farmer,German,EFKA
30000000231,Vasiliki,Athanasiou,Ioannis,70,FEMALE,22.14,94.53,Larisa 29,6918425476,vasiliki.athanasiou232@mail.example,Nurse,Greek,ARMED_FORCES
30000000232,Panagiotis,Georgiou,Nikolaos,88,MALE,26.55,147.46,Volos 58,6928963406,panagiotis.georgiou233@mail.example,Student,Bulgarian,ARMED_FORCES
30000000233,Christos,Theodorou,Antonios,77,MALE,115.44,72.7,Larisa 36,6927236266,christos.theodorou234@mail.example,Technician,Cypriot,EFKA
30000000234,Natalia,Petrou,Ioannis,82,FEMALE,21.14,105.45,Athens 121,6937418972,natalia.petrou235@mail.example,Engineer,German,ARMED_FORCES
30000000235,Sofia,Pavlidis,Nikolaos,12,FEMALE,119.73,143.43,Volos 93,6937660144,sofia.pavlidis236@mail.example,Student,Italian,EFKA
30000000236,Andreas,Ioannou,Georgios,14,MALE,119.7,172.41,Larisa 144,6999698609,andreas.ioannou237@mail.example,Engineer,Romanian,UNINSURED
30000000237,Giorgos,Athanasiou,Panagiotis,13,MALE,40.74,118.58,Athens 117,6945553470,giorgos.athanasiou238@mail.example,Farmer,Bulgarian,PRIVATE_A
30000000238,Panagiota,Konstantinou,Christos,82,FEMALE,28.85,114.75,Patras 125,6955752250,panagiota.konstantinou239@mail.example,Engineer,Cypriot,PRIVATE_A
30000000239,Eleni,Lazarou,Georgios,79,FEMALE,71.85,75.69,Piraeus 114,6903824073,eleni.lazarou240@mail.example,Retired,Cypriot,UNINSURED
30000000240,Dimitra,Pavlidis,Antonios,25,FEMALE,54.18,175.23,Volos 103,6996454655,dimitra.pavlidis241@mail.example,Retired,Albanian,EFKA
30000000241,Panagiotis,Lazarou,Konstantinos,69,MALE,72.84,77.56,Volos 122,6985193583,panagiotis.lazarou242@mail.example,Lawyer,Albanian,PRIVATE_A
30000000242,Ioanna,Kostopoulos,Christos,76,FEMALE,56.85,188.91,Piraeus 6,6987805721,ioanna.kostopoulos243@mail.example,Farmer,Greek,ARMED_FORCES
30000000243,Panagiota,Dimitriou,Antonios,66,FEMALE,113.98,83.75,Volos 81,6909059119,panagiota.dimitriou244@mail.example,Engineer,Romanian,EFKA
30000000244,Kostas,Konstantinou,Dimitrios,24,MALE,11.3,185.75,Athens 85,6911696667,kostas.konstantinou245@mail.example,Driver,German,EFKA
30000000245,Panagiota,Georgiou,Anastasios,33,FEMALE,63.96,88.99,Larisa 52,6935157184,panagiota.georgiou246@mail.example,Teacher,Romanian,EFKA
30000000246,Panagiotis,Nikolaou,Dimitrios,77,MALE,49.91,88.0,Larisa 46,6982709081,panagiotis.nikolaou247@mail.example,Student,Albanian,EFKA
30000000247,Kostas,Lazarou,Christos,25,MALE,96.93,70.41,Athens 123,6991815899,kostas.lazarou248@mail.example,Nurse,Romanian,EFKA
30000000248,Anastasia,Sotiriou,Georgios,88,FEMALE,86.28,133.58,Athens 49,6914998250,anastasia.sotiriou249@mail.example,Nurse,Greek,EFKA
30000000249,Christos,Dimitriou,Nikolaos,59,MALE,114.4,181.01,Patras 19,6937399006,christos.dimitriou250@mail.example,Retired,Italian,EFKA
30000000250,Andreas,Dimitriou,Antonios,86,MALE,36.92,184.88,Volos 80,6934606664,andreas.dimitriou251@mail.example,Retired,German,PRIVATE_B
30000000251,Eleni,Georgiou,Vasileios,42,FEMALE,26.75,161.21,Larisa 73,6984494116,eleni.georgiou252@mail.example,Retired,Greek,PRIVATE_A
30000000252,Nikos,Sotiriou,Nikolaos,31,MALE,56.83,113.22,Piraeus 114,6990833509,nikos.sotiriou253@mail.example,Teacher,Cypriot,EFKA
30000000253,Kostas,Georgiou,Konstantinos,43,MALE,81.7,122.05,Larisa 18,6939848228,kostas.georgiou254@mail.example,Farmer,Greek,EFKA
30000000254,Dimitra,Pavlidis,Ioannis,80,FEMALE,88.69,159.13,Patras 95,6902130609,dimitra.pavlidis255@mail.example,Teacher,German,EFKA
30000000255,Evangelia,Alexiou,Dimitrios,59,FEMALE,68.08,111.82,Piraeus 74,6926425064,evangelia.alexiou256@mail.example,Driver,Greek,EFKA
30000000256,Kostas,Dimitriou,Konstantinos,73,MALE,29.8,178.57,Volos 94,6978654362,kostas.dimitriou257@mail.example,Lawyer,Greek,EFKA
30000000257,Katerina,Kostopoulos,Ioannis,89,FEMALE,31.12,138.76,Piraeus 70,6992693265,katerina.kostopoulos258@mail.example,Lawyer,Cypriot,UNINSURED
30000000258,Panagiota,Konstantinou,Antonios,68,FEMALE,90.36,178.87,Athens 17,6910005155,panagiota.konstantinou259@mail.example,Retired,Italian,EFKA
30000000259,Chrysoula,Nikolaou,Panagiotis,80,FEMALE,109.84,140.85,Larisa 122,6952441822,chrysoula.nikolaou260@mail.example,Driver,Bulgarian,EFKA
30000000260,Ioanna,Konstantinou,Dimitrios,58,FEMALE,108.13,191.14,Volos 89,6951512294,ioanna.konstantinou261@mail.example,Clerk,Cypriot,EFKA
30000000261,Giorgos,Athanasiou,Konstantinos,90,MALE,42.34,123.36,Larisa 87,6904715802,giorgos.athanasiou262@mail.example,Technician,Greek,PRIVATE_B
30000000262,Vasiliki,Dimitriou,Christos,49,FEMALE,51.5,155.39,Patras 97,6955866525,vasiliki.dimitriou263@mail.example,Student,Romanian,EFKA
30000000263,Dimitris,Petrou,Nikolaos,20,MALE,72.05,95.8,Athens 20,6900591297,dimitris.petrou264@mail.example,Farmer,German,PRIVATE_A
30000000264,Petros,Vasiliou,Antonios,8,MALE,57.56,130.99,Athens 46,6934289311,petros.vasiliou265@mail.example,Retired,Cypriot,UNINSURED
30000000265,Vasilis,Athanasiou,Antonios,38,MALE,75.37,130.87,Patras 56,6964538044,vasilis.athanasiou266@mail.example,Driver,Greek,EFKA
30000000266,Anna,Athanasiou,Antonios,87,FEMALE,115.44,139.0,Patras 116,6957574758,anna.athanasiou267@mail.example,Retired,Cypriot,PRIVATE_A
30000000267,Vasiliki,Kostopoulos,Christos,42,FEMALE,111.43,175.04,Larisa 119,6977226602,vasiliki.kostopoulos268@mail.example,Farmer,Bulgarian,ARMED_FORCES
30000000268,Chrysoula,Lazarou,Vasileios,36,FEMALE,33.51,128.25,Larisa 111,6962705115,chrysoula.lazarou269@mail.example,Lawyer,Romanian,EFKA
30000000269,Natalia,Dimitriou,Anastasios,63,FEMALE,9.45,105.04,Piraeus 87,6949691928,natalia.dimitriou270@mail.example,Student,Albanian,PRIVATE_B
30000000270,Panagiotis,Sotiriou,Antonios,30,MALE,87.31,144.22,Piraeus 126,6997058162,panagiotis.sotiriou271@mail.example,Technician,Albanian,EFKA
30000000271,Sofia,Dimitriou,Ioannis,42,FEMALE,47.89,145.68,Volos 38,6945759833,sofia.dimitriou272@mail.example,Technician,Romanian,EFKA
30000000272,Despoina,Ioannou,Vasileios,21,FEMALE,74.51,163.6,Athens 71,6974397429,despoina.ioannou273@mail.example,Driver,Albanian,ARMED_FORCES
30000000273,Michalis,Petrou,Vasileios,62,MALE,49.31,105.98,Larisa 141,6906562590,michalis.petrou274@mail.example,Student,Albanian,PRIVATE_A
30000000274,Vasiliki,Pavlidis,Ioannis,68,FEMALE,54.63,167.66,Piraeus 141,6913721433,vasiliki.pavlidis275@mail.example,Teacher,Italian,PRIVATE_A
30000000275,Marios,Lazarou,Konstantinos,62,MALE,12.75,93.47,Piraeus 40,6928556608,marios.lazarou276@mail.example,Student,Bulgarian,EFKA
30000000276,Christos,Athanasiou,Antonios,37,MALE,37.75,113.66,Larisa 41,6939453546,christos.athanasiou277@mail.example,Engineer,Italian,EFKA
30000000277,Ioanna,Athanasiou,Vasileios,52,FEMALE,30.91,79.65,Larisa 28,6933943945,ioanna.athanasiou278@mail.example,Lawyer,Greek,PRIVATE_A
30000000278,Sofia,Pavlidis,Ioannis,40,FEMALE,9.38,172.85,Patras 53,6976576927,sofia.pavlidis279@mail.example,Lawyer,Romanian,PRIVATE_A
30000000279,Vasilis,Theodorou,Panagiotis,10,MALE,39.36,149.97,Patras 9,6914247310,vasilis.theodorou280@mail.example,Lawyer,Cypriot,EFKA
30000000280,Petros,Lazarou,Antonios,89,MALE,70.43,100.11,Volos 123,6912316600,petros.lazarou281@mail.example,Lawyer,Bulgarian,UNINSURED
30000000281,Chrysoula,Dimitriou,Konstantinos,89,FEMALE,58.17,65.25,Athens 145,6968730451,chrysoula.dimitriou282@mail.example,Technician,Albanian,EFKA
30000000282,Panagiota,Kostopoulos,Panagiotis,38,FEMALE,24.53,152.45,Larisa 139,6965619425,panagiota.kostopoulos283@mail.example,Farmer,Italian,EFKA
30000000283,Spyros,Nikolaou,Antonios,1,MALE,5.29,136.56,Piraeus 59,6957155868,spyros.nikolaou284@mail.example,Clerk,Cypriot,PRIVATE_A
30000000284,Giorgos,Papadopoulos,Georgios,16,MALE,31.19,172.6,Athens 18,6947165609,giorgos.papadopoulos285@mail.example,Student,Albanian,EFKA
30000000285,Vasiliki,Konstantinou,Antonios,62,FEMALE,79.14,142.13,Larisa 9,6975504768,vasiliki.konstantinou286@mail.example,Engineer,Bulgarian,PRIVATE_A
30000000286,Georgia,Pavlidis,Christos,28,FEMALE,76.74,77.34,Piraeus 8,6987182749,georgia.pavlidis287@mail.example,Clerk,German,ARMED_FORCES
30000000287,Giorgos,Ioannou,Dimitrios,49,MALE,12.91,88.75,Patras 150,6973711222,giorgos.ioannou288@mail.example,Technician,Romanian,EFKA
30000000288,Vasiliki,Pavlidis,Anastasios,9,FEMALE,15.3,99.16,Patras 122,6968321021,vasiliki.pavlidis289@mail.example,Technician,Cypriot,PRIVATE_A
30000000289,Kostas,Dimitriou,Dimitrios,39,MALE,22.92,156.19,Athens 96,6908018498,kostas.dimitriou290@mail.example,Teacher,Albanian,UNINSURED
30000000290,Evangelia,Dimitriou,Christos,28,FEMALE,29.13,126.72,Larisa 55,6912688122,evangelia.dimitriou291@mail.example,Nurse,Cypriot,UNINSURED
30000000291,Dimitra,Nikolaou,Antonios,22,FEMALE,35.67,162.94,Patras 58,6946060560,dimitra.nikolaou292@mail.example,Retired,Italian,PRIVATE_B
30000000292,Anastasia,Sotiriou,Nikolaos,56,FEMALE,75.18,119.25,Volos 22,6920546475,anastasia.sotiriou293@mail.example,Student,German,EFKA
30000000293,Petros,Petrou,Nikolaos,89,MALE,62.84,109.51,Volos 17,6944449835,petros.petrou294@mail.example,Farmer,Cypriot,PRIVATE_A
30000000294,Sofia,Athanasiou,Panagiotis,92,FEMALE,68.79,106.75,Larisa 149,6982143395,sofia.athanasiou295@mail.example,Driver,Italian,UNINSURED
30000000295,Giannis,Nikolaou,Anastasios,71,MALE,118.19,65.42,Piraeus 66,6977894896,giannis.nikolaou296@mail.example,Retired,Albanian,EFKA
30000000296,Panagiotis,Sotiriou,Ioannis,6,MALE,102.88,101.06,Volos 138,6942163090,panagiotis.sotiriou297@mail.example,Teacher,Greek,EFKA
30000000297,Sofia,Pavlidis,Antonios,3,FEMALE,114.9,76.85,Volos 70,6971136337,sofia.pavlidis298@mail.example,Technician,Cypriot,UNINSURED
30000000298,Eleni,Papadopoulos,Konstantinos,86,FEMALE,42.55,140.35,Volos 99,6973311677,eleni.papadopoulos299@mail.example,Driver,Italian,UNINSURED
30000000299,Katerina,Sotiriou,Anastasios,27,FEMALE,32.41,110.92,Patras 64,6943697093,katerina.sotiriou300@mail.example,Engineer,Bulgarian,PRIVATE_B
30000000300,Ioanna,Petrou,Panagiotis,49,FEMALE,10.3,121.72,Larisa 109,6916453454,ioanna.petrou301@mail.example,Lawyer,Cypriot,EFKA
30000000301,Katerina,Vasiliou,Dimitrios,56,FEMALE,39.19,184.08,Piraeus 105,6942813190,katerina.vasiliou302@mail.example,Technician,Italian,PRIVATE_B
30000000302,Spyros,Alexiou,Dimitrios,32,MALE,96.13,107.31,Piraeus 70,6980880622,spyros.alexiou303@mail.example,Teacher,Bulgarian,EFKA
30000000303,Michalis,Konstantinou,Panagiotis,74,MALE,95.71,125.11,Larisa 45,6913290162,michalis.konstantinou304@mail.example,Teacher,Albanian,EFKA
30000000304,Natalia,Vasiliou,Vasileios,53,FEMALE,26.69,176.53,Piraeus 10,6931954196,natalia.vasiliou305@mail.example,Clerk,Bulgarian,EFKA
30000000305,Anastasia,Dimitriou,Ioannis,28,FEMALE,56.78,148.0,Piraeus 116,6992463203,anastasia.dimitriou306@mail.example,Lawyer,Albanian,EFKA
30000000306,Panagiota,Papadopoulos,Panagiotis,60,FEMALE,109.85,180.32,Larisa 20,6994588707,panagiota.papadopoulos307@mail.example,Engineer,Albanian,EFKA
30000000307,Marios,Pavlidis,Panagiotis,4,MALE,58.22,108.43,Volos 118,6959545089,marios.pavlidis308@mail.example,Engineer,Bulgarian,PRIVATE_B
30000000308,Katerina,Georgiou,Konstantinos,12,FEMALE,77.09,100.85,Piraeus 11,6904023693,katerina.georgiou309@mail.example,Clerk,German,UNINSURED
30000000309,Dimitra,Konstantinou,Georgios,27,FEMALE,8.06,73.61,Athens 68,6971372711,dimitra.konstantinou310@mail.example,Lawyer,German,UNINSURED
30000000310,Panagiota,Pavlidis,Georgios,64,FEMALE,116.95,193.87,Athens 77,6941283337,panagiota.pavlidis311@mail.example,Driver,Greek,PRIVATE_A
30000000311,Panagiotis,Petrou,Nikolaos,40,MALE,34.4,179.28,Larisa 102,6993663439,panagiotis.petrou312@mail.example,Driver,Albanian,EFKA
30000000312,Christos,Sotiriou,Dimitrios,7,MALE,8.23,88.08,Piraeus 75,6955910245,christos.sotiriou313@mail.example,Engineer,Greek,ARMED_FORCES
30000000313,Andreas,Papadopoulos,Konstantinos,22,MALE,108.47,172.14,Larisa 28,6949498194,andreas.papadopoulos314@mail.example,Driver,Greek,EFKA
30000000314,Stavros,Kostopoulos,Christos,46,MALE,114.59,104.83,Larisa 108,6934533722,stavros.kostopoulos315@mail.example,Teacher,Greek,EFKA
30000000315,Nikos,Kostopoulos,Dimitrios,20,MALE,88.95,101.72,Patras 82,6993766189,nikos.kostopoulos316@mail.example,Student,Italian,EFKA
30000000316,Katerina,Lazarou,Christos,60,FEMALE,81.73,116.67,Patras 116,6925659202,katerina.lazarou317@mail.example,Student,Bulgarian,EFKA
30000000317,Theodoros,Papadopoulos,Panagiotis,92,MALE,46.41,144.93,Patras 1,6917833258,theodoros.papadopoulos318@mail.example,Student,Romanian,EFKA
30000000318,Evangelia,Alexiou,Antonios,74,FEMALE,33.87,105.97,Volos 58,6974403946,evangelia.alexiou319@mail.example,Student,Greek,EFKA
30000000319,Michalis,Kostopoulos,Konstantinos,51,MALE,8.25,71.21,Athens 71,6988608490,michalis.kostopoulos320@mail.example,Lawyer,Romanian,EFKA
30000000320,Despoina,Vasiliou,Anastasios,21,FEMALE,109.47,91.53,Piraeus 93,6914488112,despoina.vasiliou321@mail.example,Engineer,German,ARMED_FORCES
30000000321,Theodoros,Sotiriou,Georgios,23,MALE,20.7,123.67,Athens 129,6987817941,theodoros.sotiriou322@mail.example,Farmer,German,EFKA
30000000322,Natalia,Dimitriou,Vasileios,33,FEMALE,89.24,183.42,Volos 23,6912252883,natalia.dimitriou323@mail.example,Lawyer,German,PRIVATE_A
30000000323,Chrysoula,Ioannou,Anastasios,14,FEMALE,98.41,165.86,Larisa 55,6923979137,chrysoula.ioannou324@mail.example,Nurse,German,EFKA
30000000324,Despoina,Petrou,Anastasios,1,FEMALE,11.73,177.06,Athens 35,6919881927,despoina.petrou325@mail.example,Lawyer,Romanian,ARMED_FORCES
30000000325,Eleni,Pavlidis,Panagiotis,10,FEMALE,63.81,161.02,Larisa 6,6904521289,eleni.pavlidis326@mail.example,Technician,German,EFKA
30000000326,Giannis,Sotiriou,Panagiotis,41,MALE,107.5,88.74,Piraeus 150,6913044881,giannis.sotiriou327@mail.example,Nurse,Romanian,UNINSURED
30000000327,Natalia,Petrou,Anastasios,70,FEMALE,19.97,85.64,Volos 64,6915229107,natalia.petrou328@mail.example,Retired,Italian,PRIVATE_B
30000000328,Vasilis,Papadopoulos,Vasileios,35,MALE,72.59,159.88,Piraeus 127,6983063963,vasilis.papadopoulos329@mail.example,Nurse,Albanian,EFKA
30000000329,Maria,Nikolaou,Anastasios,76,FEMALE,29.41,97.88,Piraeus 148,6929132033,maria.nikolaou330@mail.example,Teacher,Italian,EFKA
30000000330,Sofia,Kostopoulos,Dimitrios,19,FEMALE,89.12,167.13,Patras 84,6966847323,sofia.kostopoulos331@mail.example,Clerk,Albanian,EFKA
30000000331,Giannis,Vasiliou,Dimitrios,55,MALE,94.13,126.52,Volos 17,6997543734,giannis.vasiliou332@mail.example,Lawyer,Bulgarian,EFKA
30000000332,Giannis,Theodorou,Panagiotis,67,MALE,36.54,77.85,Volos 80,6960191344,giannis.theodorou333@mail.example,Retired,German,ARMED_FORCES
30000000333,Anna,Sotiriou,Anastasios,33,FEMALE,85.96,100.35,Piraeus 103,6999951679,anna.sotiriou334@mail.example,Retired,Cypriot,EFKA
30000000334,Andreas,Alexiou,Dimitrios,30,MALE,54.0,70.7,Larisa 106,6981187233,andreas.alexiou335@mail.example,Retired,Albanian,EFKA
30000000335,Andreas,Nikolaou,Nikolaos,33,MALE,96.6,134.8,Piraeus 12,6974820736,andreas.nikolaou336@mail.example,Farmer,Greek,EFKA
30000000336,Kostas,Lazarou,Konstantinos,26,MALE,22.85,124.91,Larisa 58,6992013546,kostas.lazarou337@mail.example,Driver,Italian,EFKA
30000000337,Vasiliki,Papadopoulos,Dimitrios,48,FEMALE,11.93,87.76,Larisa 28,6912312616,vasiliki.papadopoulos338@mail.example,Retired,Italian,UNINSURED
30000000338,Petros,Ioannou,Dimitrios,79,MALE,101.71,122.86,Patras 67,6993036468,petros.ioannou339@mail.example,Lawyer,Greek,UNINSURED
30000000339,Christos,Papadopoulos,Konstantinos,90,MALE,67.76,176.43,Volos 123,6969208283,christos.papadopoulos340@mail.example,Driver,Cypriot,ARMED_FORCES
30000000340,Theodoros,Sotiriou,Konstantinos,90,MALE,79.26,132.33,Volos 114,6916815724,theodoros.sotiriou341@mail.example,Farmer,Greek,EFKA
30000000341,Theodoros,Athanasiou,Ioannis,4,MALE,17.37,86.44,Volos 21,6913717850,theodoros.athanasiou342@mail.example,Technician,Greek,PRIVATE_B
30000000342,Georgia,Kostopoulos,Vasileios,10,FEMALE,24.86,172.17,Patras 129,6990567086,georgia.kostopoulos343@mail.example,Lawyer,Greek,EFKA
30000000343,Marios,Vasiliou,Konstantinos,49,MALE,46.68,109.39,Patras 133,6948266913,marios.vasiliou344@mail.example,Clerk,Cypriot,PRIVATE_B
30000000344,Ioanna,Petrou,Ioannis,80,FEMALE,95.2,188.9,Volos 48,6921040164,ioanna.petrou345@mail.example,Nurse,Greek,UNINSURED
30000000345,Ioanna,Athanasiou,Georgios,22,FEMALE,66.43,148.87,Patras 105,6942036258,ioanna.athanasiou346@mail.example,Clerk,Cypriot,EFKA
30000000346,Vasilis,Sotiriou,Konstantinos,87,MALE,49.33,135.65,Piraeus 76,6930176464,vasilis.sotiriou347@mail.example,Student,Romanian,PRIVATE_A
30000000347,Sofia,Dimitriou,Konstantinos,27,FEMALE,116.61,172.11,Piraeus 135,6949516321,sofia.dimitriou348@mail.example,Engineer,Greek,PRIVATE_B
30000000348,Sofia,Georgiou,Anastasios,83,FEMALE,44.18,94.34,Larisa 9,6911987561,sofia.georgiou349@mail.example,Lawyer,Romanian,UNINSURED
30000000349,Anastasia,Athanasiou,Christos,34,FEMALE,89.68,172.0,Volos 31,6960936595,anastasia.athanasiou350@mail.example,Driver,Greek,EFKA
30000000350,Andreas,Konstantinou,Vasileios,19,MALE,16.23,123.67,Patras 87,6961140428,andreas.konstantinou351@mail.example,Nurse,Bulgarian,ARMED_FORCES
30000000351,Despoina,Papadopoulos,Panagiotis,31,FEMALE,63.15,116.41,Larisa 12,6981126003,despoina.papadopoulos352@mail.example,Teacher,Romanian,UNINSURED
30000000352,Dimitris,Sotiriou,Konstantinos,33,MALE,108.52,111.25,Larisa 131,6982691776,dimitris.sotiriou353@mail.example,Nurse,Italian,ARMED_FORCES
30000000353,Kostas,Dimitriou,Panagiotis,79,MALE,89.07,71.94,Patras 116,6909085991,kostas.dimitriou354@mail.example,Student,Albanian,PRIVATE_A
30000000354,Georgia,Konstantinou,Dimitrios,52,FEMALE,92.7,156.8,Volos 108,6999648997,georgia.konstantinou355@mail.example,Engineer,Romanian,EFKA
30000000355,Giannis,Sotiriou,Dimitrios,56,MALE,53.27,137.78,Athens 105,6990872617,giannis.sotiriou356@mail.example,Clerk,Greek,PRIVATE_A
30000000356,Giannis,Pavlidis,Konstantinos,67,MALE,75.95,107.35,Volos 93,6938280405,giannis.pavlidis357@mail.example,Clerk,Italian,EFKA
30000000357,Panagiota,Papadopoulos,Vasileios,19,FEMALE,53.5,164.2,Volos 38,6964186965,panagiota.papadopoulos358@mail.example,Clerk,Italian,EFKA
30000000358,Spyros,Kostopoulos,Anastasios,13,MALE,83.27,154.14,Piraeus 49,6985951434,spyros.kostopoulos359@mail.example,Clerk,Romanian,EFKA
30000000359,Nikos,Nikolaou,Konstantinos,79,MALE,45.5,191.03,Athens 13,6916809414,nikos.nikolaou360@mail.example,Technician,Greek,UNINSURED
30000000360,Sofia,Athanasiou,Georgios,35,FEMALE,9.88,129.38,Larisa 73,6962072662,sofia.athanasiou361@mail.example,Technician,Cypriot,EFKA
30000000361,Christos,Georgiou,Panagiotis,46,MALE,88.07,87.26,Patras 103,6917817032,christos.georgiou362@mail.example,Engineer,Greek,PRIVATE_A
30000000362,Eleni,Dimitriou,Anastasios,31,FEMALE,100.42,192.34,Patras 34,6977895613,eleni.dimitriou363@mail.example,Retired,Bulgarian,EFKA
30000000363,Sofia,Athanasiou,Georgios,14,FEMALE,52.62,134.44,Piraeus 119,6978221021,sofia.athanasiou364@mail.example,Lawyer,German,PRIVATE_A
30000000364,Marios,Dimitriou,Georgios,67,MALE,112.23,119.58,Volos 140,6957973638,marios.dimitriou365@mail.example,Retired,Greek,UNINSURED
30000000365,Vasiliki,Papadopoulos,Panagiotis,30,FEMALE,72.11,123.45,Athens 127,6998661770,vasiliki.papadopoulos366@mail.example,Clerk,German,ARMED_FORCES
30000000366,Dimitra,Sotiriou,Dimitrios,2,FEMALE,48.89,65.29,Volos 37,6912235521,dimitra.sotiriou367@mail.example,Clerk,Italian,UNINSURED
30000000367,Nikos,Konstantinou,Dimitrios,42,MALE,71.6,190.96,Volos 11,6989843699,nikos.konstantinou368@mail.example,Nurse,Albanian,PRIVATE_B
30000000368,Dimitris,Alexiou,Ioannis,43,MALE,97.42,188.68,Piraeus 139,6969484249,dimitris.alexiou369@mail.example,Farmer,German,PRIVATE_B
30000000369,Sofia,Pavlidis,Dimitrios,4,FEMALE,112.6,123.76,Larisa 20,6991779876,sofia.pavlidis370@mail.example,Nurse,Cypriot,UNINSURED
30000000370,Evangelia,Papadopoulos,Panagiotis,50,FEMALE,50.67,145.54,Larisa 146,6900124825,evangelia.papadopoulos371@mail.example,Farmer,Albanian,EFKA
30000000371,Vasiliki,Georgiou,Georgios,11,FEMALE,84.66,184.08,Piraeus 137,6957256292,vasiliki.georgiou372@mail.example,Clerk,Romanian,EFKA
30000000372,Natalia,Kostopoulos,Georgios,34,FEMALE,33.11,90.24,Volos 31,6989117972,natalia.kostopoulos373@mail.example,Teacher,Cypriot,EFKA
30000000373,Michalis,Ioannou,Christos,68,MALE,18.91,168.84,Larisa 82,6900942141,michalis.ioannou374@mail.example,Teacher,German,EFKA
30000000374,Maria,Vasiliou,Panagiotis,17,FEMALE,34.32,131.85,Volos 90,6962258660,maria.vasiliou375@mail.example,Farmer,German,PRIVATE_B
30000000375,Spyros,Georgiou,Georgios,79,MALE,109.97,190.79,Larisa 86,6902000245,spyros.georgiou376@mail.example,Retired,Romanian,PRIVATE_A
30000000376,Kostas,Georgiou,Nikolaos,42,MALE,105.27,74.0,Athens 83,6957083682,kostas.georgiou377@mail.example,Engineer,Albanian,EFKA
30000000377,Georgia,Dimitriou,Nikolaos,68,FEMALE,32.47,170.76,Volos 28,6923123920,georgia.dimitriou378@mail.example,Student,Romanian,EFKA
30000000378,Panagiota,Papadopoulos,Vasileios,22,FEMALE,93.9,117.52,Athens 117,6922577545,panagiota.papadopoulos379@mail.example,Nurse,Italian,EFKA
30000000379,Katerina,Lazarou,Antonios,5,FEMALE,44.45,145.42,Volos 117,6968316082,katerina.lazarou380@mail.example,Lawyer,Greek,PRIVATE_A
30000000380,Petros,Athanasiou,Konstantinos,26,MALE,57.6,158.24,Piraeus 145,6992052229,petros.athanasiou381@mail.example,Technician,Romanian,EFKA
30000000381,Kostas,Alexiou,Dimitrios,42,MALE,81.17,156.32,Piraeus 148,6983584461,kostas.alexiou382@mail.example,Lawyer,Italian,PRIVATE_A
30000000382,Maria,Georgiou,Antonios,23,FEMALE,57.3,86.07,Patras 64,6997871375,maria.georgiou383@mail.example,Driver,Romanian,ARMED_FORCES
30000000383,Panagiota,Athanasiou,Konstantinos,89,FEMALE,90.88,156.64,Patras 132,6952386003,panagiota.athanasiou384@mail.example,Teacher,Albanian,ARMED_FORCES
30000000384,Despoina,Nikolaou,Antonios,74,FEMALE,43.92,124.83,Patras 42,6939102929,despoina.nikolaou385@mail.example,Farmer,Italian,EFKA
30000000385,Eleni,Dimitriou,Antonios,64,FEMALE,18.41,190.76,Piraeus 102,6902213217,eleni.dimitriou386@mail.example,Clerk,Bulgarian,PRIVATE_B
30000000386,Nikos,Konstantinou,Nikolaos,15,MALE,20.62,117.35,Piraeus 47,6901907258,nikos.konstantinou387@mail.example,Lawyer,Cypriot,EFKA
30000000387,Giannis,Papadopoulos,Vasileios,88,MALE,52.22,133.23,Patras 3,6995229462,giannis.papadopoulos388@mail.example,Teacher,German,UNINSURED
30000000388,Panagiota,Theodorou,Anastasios,9,FEMALE,98.77,160.68,Athens 55,6999529701,panagiota.theodorou389@mail.example,Retired,Bulgarian,EFKA
30000000389,Giannis,Nikolaou,Dimitrios,4,MALE,23.77,127.64,Athens 109,6915927387,giannis.nikolaou390@mail.example,Student,Greek,EFKA
30000000390,Kostas,Papadopoulos,Nikolaos,3,MALE,77.01,183.04,Larisa 128,6997564915,kostas.papadopoulos391@mail.example,Lawyer,Romanian,PRIVATE_A
30000000391,Maria,Nikolaou,Ioannis,72,FEMALE,14.65,80.41,Volos 32,6903068317,maria.nikolaou392@mail.example,Clerk,Albanian,PRIVATE_B
30000000392,Katerina,Ioannou,Vasileios,6,FEMALE,68.97,132.19,Patras 115,6912901507,katerina.ioannou393@mail.example,Engineer,Cypriot,EFKA
30000000393,Anastasia,Vasiliou,Konstantinos,52,FEMALE,27.6,156.53,Athens 5,6996258857,anastasia.vasiliou394@mail.example,Clerk,Italian,EFKA
30000000394,Michalis,Sotiriou,Christos,33,MALE,101.89,180.65,Larisa 39,6915918327,michalis.sotiriou395@mail.example,Teacher,Greek,EFKA
30000000395,Ioanna,Kostopoulos,Christos,16,FEMALE,110.36,69.86,Patras 150,6938819490,ioanna.kostopoulos396@mail.example,Farmer,Cypriot,PRIVATE_A
30000000396,Ioanna,Kostopoulos,Nikolaos,54,FEMALE,50.81,137.35,Patras 27,6966123740,ioanna.kostopoulos397@mail.example,Lawyer,Bulgarian,PRIVATE_A
30000000397,Michalis,Georgiou,Panagiotis,56,MALE,28.5,160.81,Volos 75,6999197014,michalis.georgiou398@mail.example,Driver,Bulgarian,UNINSURED
30000000398,Evangelia,Georgiou,Nikolaos,11,FEMALE,117.31,190.13,Volos 129,6994801864,evangelia.georgiou399@mail.example,Student,Romanian,EFKA
30000000399,Evangelia,Alexiou,Panagiotis,67,FEMALE,65.47,185.52,Volos 113,6985708200,evangelia.alexiou400@mail.example,Student,Romanian,EFKA
30000000400,Theodoros,Athanasiou,Nikolaos,21,MALE,65.22,129.96,Volos 70,6929688276,theodoros.athanasiou401@mail.example,Technician,Italian,ARMED_FORCES
30000000401,Eleni,Petrou,Anastasios,6,FEMALE,63.37,136.74,Piraeus 46,6974883565,eleni.petrou402@mail.example,Engineer,German,ARMED_FORCES
30000000402,Nikos,Kostopoulos,Ioannis,20,MALE,70.81,78.29,Piraeus 41,6959364882,nikos.kostopoulos403@mail.example,Teacher,Romanian,ARMED_FORCES
30000000403,Dimitra,Ioannou,Vasileios,90,FEMALE,64.2,144.83,Larisa 36,6946728799,dimitra.ioannou404@mail.example,Engineer,Bulgarian,EFKA
30000000404,Giannis,Nikolaou,Konstantinos,15,MALE,73.69,163.37,Piraeus 92,6992361337,giannis.nikolaou405@mail.example,Clerk,Greek,EFKA
30000000405,Christos,Vasiliou,Panagiotis,72,MALE,65.24,117.08,Athens 43,6954472419,christos.vasiliou406@mail.example,Engineer,Bulgarian,EFKA
30000000406,Stavros,Vasiliou,Georgios,4,MALE,96.22,119.13,Athens 121,6971824989,stavros.vasiliou407@mail.example,Nurse,Italian,EFKA
30000000407,Ioanna,Athanasiou,Vasileios,80,FEMALE,98.13,97.37,Volos 102,6998748694,ioanna.athanasiou408@mail.example,Engineer,Albanian,EFKA
30000000408,Sofia,Theodorou,Anastasios,89,FEMALE,12.98,79.74,Larisa 21,6960398863,sofia.theodorou409@mail.example,Clerk,Albanian,EFKA
30000000409,Katerina,Papadopoulos,Georgios,49,FEMALE,119.85,153.71,Patras 143,6996676056,katerina.papadopoulos410@mail.example,Student,Cypriot,EFKA
30000000410,Sofia,Dimitriou,Vasileios,78,FEMALE,11.24,82.01,Patras 67,6966226540,sofia.dimitriou411@mail.example,Engineer,Bulgarian,PRIVATE_A
30000000411,Maria,Nikolaou,Nikolaos,23,FEMALE,39.46,192.85,Athens 96,6984886008,maria.nikolaou412@mail.example,Teacher,Greek,EFKA
30000000412,Stavros,Nikolaou,Dimitrios,7,MALE,30.84,97.66,Larisa 88,6936596807,stavros.nikolaou413@mail.example,Nurse,Albanian,ARMED_FORCES
30000000413,Despoina,Kostopoulos,Panagiotis,19,FEMALE,105.43,174.92,Athens 29,6923274897,despoina.kostopoulos414@mail.example,Technician,Italian,UNINSURED
30000000414,Anastasia,Alexiou,Anastasios,27,FEMALE,35.2,103.15,Piraeus 126,6920388621,anastasia.alexiou415@mail.example,Lawyer,Albanian,PRIVATE_B
30000000415,Christos,Vasiliou,Ioannis,5,MALE,104.08,177.22,Athens 132,6916778481,christos.vasiliou416@mail.example,Clerk,Albanian,ARMED_FORCES
30000000416,Petros,Konstantinou,Antonios,28,MALE,58.44,166.96,Athens 4,6953912878,petros.konstantinou417@mail.example,Nurse,Italian,EFKA
30000000417,Vasiliki,Dimitriou,Ioannis,12,FEMALE,104.53,193.24,Volos 98,6942423839,vasiliki.dimitriou418@mail.example,Lawyer,Cypriot,EFKA
30000000418,Dimitris,Nikolaou,Vasileios,64,MALE,11.37,184.59,Piraeus 146,6932880983,dimitris.nikolaou419@mail.example,Driver,Cypriot,EFKA
30000000419,Dimitris,Dimitriou,Dimitrios,1,MALE,3.15,154.92,Larisa 119,6966100898,dimitris.dimitriou420@mail.example,Lawyer,Italian,EFKA
30000000420,Michalis,Vasiliou,Konstantinos,48,MALE,50.98,77.08,Athens 61,6984531980,michalis.vasiliou421@mail.example,Lawyer,Albanian,EFKA
30000000421,Anastasia,Lazarou,Nikolaos,43,FEMALE,10.19,154.57,Larisa 111,6966411065,anastasia.lazarou422@mail.example,Student,German,EFKA
30000000422,Giannis,Papadopoulos,Christos,70,MALE,44.28,116.85,Volos 69,6997089058,giannis.papadopoulos423@mail.example,Retired,Bulgarian,EFKA
30000000423,Dimitra,Georgiou,Anastasios,69,FEMALE,89.27,138.4,Larisa 41,6969708386,dimitra.georgiou424@mail.example,Nurse,Romanian,EFKA
30000000424,Giorgos,Nikolaou,Dimitrios,56,MALE,106.69,164.32,Patras 117,6989826041,giorgos.nikolaou425@mail.example,Nurse,German,EFKA
30000000425,Spyros,Athanasiou,Vasileios,19,MALE,39.4,144.11,Volos 104,6926422297,spyros.athanasiou426@mail.example,Farmer,Romanian,PRIVATE_A
30000000426,Chrysoula,Lazarou,Ioannis,41,FEMALE,56.73,130.75,Athens 148,6922570900,chrysoula.lazarou427@mail.example,Engineer,Italian,EFKA
30000000427,Dimitris,Theodorou,Georgios,92,MALE,58.69,76.71,Larisa 19,6968507105,dimitris.theodorou428@mail.example,Nurse,Italian,PRIVATE_A
30000000428,Nikos,Konstantinou,Panagiotis,1,MALE,8.49,174.7,Athens 23,6952610537,nikos.konstantinou429@mail.example,Teacher,German,PRIVATE_A
30000000429,Giorgos,Kostopoulos,Nikolaos,56,MALE,74.49,153.46,Athens 124,6941894854,giorgos.kostopoulos430@mail.example,Retired,German,PRIVATE_A
30000000430,Natalia,Pavlidis,Nikolaos,28,FEMALE,108.99,159.3,Athens 10,6945025896,natalia.pavlidis431@mail.example,Retired,Italian,EFKA
30000000431,Vasilis,Lazarou,Georgios,70,MALE,56.77,161.89,Larisa 50,6998344883,vasilis.lazarou432@mail.example,Nurse,Albanian,ARMED_FORCES
30000000432,Chrysoula,Kostopoulos,Georgios,91,FEMALE,13.61,111.81,Volos 86,6951562392,chrysoula.kostopoulos433@mail.example,Teacher,Romanian,EFKA
30000000433,Nikos,Nikolaou,Christos,65,MALE,113.44,77.32,Athens 37,6954760220,nikos.nikolaou434@mail.example,Clerk,Italian,PRIVATE_A
30000000434,Chrysoula,Alexiou,Georgios,90,FEMALE,113.34,153.74,Athens 22,6922759500,chrysoula.alexiou435@mail.example,Driver,German,EFKA
30000000435,Michalis,Georgiou,Christos,77,MALE,69.68,186.0,Volos 94,6903100649,michalis.georgiou436@mail.example,Retired,Albanian,PRIVATE_B
30000000436,Stavros,Alexiou,Antonios,16,MALE,8.34,110.27,Athens 55,6960894118,stavros.alexiou437@mail.example,Student,Italian,PRIVATE_A
30000000437,Marios,Petrou,Antonios,79,MALE,107.89,189.78,Patras 89,6935952056,marios.petrou438@mail.example,Engineer,Greek,EFKA
30000000438,Anna,Kostopoulos,Christos,34,FEMALE,12.94,155.41,Piraeus 123,6984233944,anna.kostopoulos439@mail.example,Technician,Italian,ARMED_FORCES
30000000439,Kostas,Georgiou,Panagiotis,2,MALE,16.16,92.63,Larisa 81,6942624178,kostas.georgiou440@mail.example,Student,Cypriot,PRIVATE_A
30000000440,Dimitra,Vasiliou,Konstantinos,2,FEMALE,24.96,182.37,Athens 99,6967329045,dimitra.vasiliou441@mail.example,Lawyer,Albanian,PRIVATE_B
30000000441,Petros,Petrou,Panagiotis,67,MALE,28.89,98.26,Larisa 7,6992071152,petros.petrou442@mail.example,Retired,Italian,PRIVATE_B
30000000442,Kostas,Ioannou,Dimitrios,13,MALE,80.47,144.04,Piraeus 18,6958189705,kostas.ioannou443@mail.example,Technician,Greek,EFKA
30000000443,Sofia,Pavlidis,Panagiotis,43,FEMALE,69.63,75.6,Volos 81,6997721688,sofia.pavlidis444@mail.example,Teacher,Italian,EFKA
30000000444,Evangelia,Georgiou,Vasileios,36,FEMALE,45.15,179.67,Athens 25,6982272002,evangelia.georgiou445@mail.example,Nurse,Cypriot,PRIVATE_A
30000000445,Stavros,Papadopoulos,Dimitrios,81,MALE,90.3,81.59,Piraeus 13,6942322775,stavros.papadopoulos446@mail.example,Driver,Italian,UNINSURED
30000000446,Anna,Dimitriou,Ioannis,17,FEMALE,64.37,119.33,Athens 105,6946300593,anna.dimitriou447@mail.example,Lawyer,Bulgarian,EFKA
30000000447,Vasilis,Athanasiou,Nikolaos,61,MALE,41.44,177.47,Athens 41,6998310438,vasilis.athanasiou448@mail.example,Student,Greek,PRIVATE_A
30000000448,Vasiliki,Pavlidis,Panagiotis,54,FEMALE,102.24,182.96,Larisa 11,6963621986,vasiliki.pavlidis449@mail.example,Farmer,Albanian,EFKA
30000000449,Sofia,Georgiou,Dimitrios,50,FEMALE,23.09,179.67,Athens 23,6942436258,sofia.georgiou450@mail.example,Farmer,Albanian,PRIVATE_A
30000000450,Spyros,Theodorou,Christos,77,MALE,114.44,145.3,Volos 105,6923419964,spyros.theodorou451@mail.example,Retired,Cypriot,PRIVATE_A
30000000451,Stavros,Vasiliou,Christos,24,MALE,107.56,151.67,Patras 137,6933343031,stavros.vasiliou452@mail.example,Engineer,Italian,UNINSURED
30000000452,Ioanna,Kostopoulos,Georgios,51,FEMALE,51.31,159.66,Volos 98,6916342125,ioanna.kostopoulos453@mail.example,Student,Albanian,EFKA
30000000453,Giorgos,Kostopoulos,Georgios,18,MALE,34.83,166.0,Volos 31,6942614048,giorgos.kostopoulos454@mail.example,Technician,Cypriot,EFKA
30000000454,Chrysoula,Nikolaou,Georgios,41,FEMALE,107.25,92.75,Athens 116,6996373100,chrysoula.nikolaou455@mail.example,Nurse,Italian,PRIVATE_A
30000000455,Dimitra,Lazarou,Panagiotis,22,FEMALE,23.91,80.63,Patras 141,6971845235,dimitra.lazarou456@mail.example,Student,Italian,UNINSURED
30000000456,Michalis,Athanasiou,Ioannis,89,MALE,67.25,168.56,Piraeus 57,6977729665,michalis.athanasiou457@mail.example,Clerk,Cypriot,EFKA
30000000457,Giannis,Alexiou,Ioannis,83,MALE,100.67,185.25,Patras 40,6978105580,giannis.alexiou458@mail.example,Teacher,Greek,ARMED_FORCES
30000000458,Maria,Konstantinou,Georgios,30,FEMALE,116.38,155.0,Athens 56,6968172031,maria.konstantinou459@mail.example,Retired,Bulgarian,PRIVATE_A
30000000459,Katerina,Theodorou,Panagiotis,79,FEMALE,47.45,181.12,Piraeus 61,6922273938,katerina.theodorou460@mail.example,Technician,Romanian,EFKA
30000000460,Maria,Kostopoulos,Anastasios,12,FEMALE,109.63,136.66,Larisa 12,6982697182,maria.kostopoulos461@mail.example,Retired,Bulgarian,EFKA
30000000461,Eleni,Georgiou,Anastasios,13,FEMALE,47.67,174.89,Volos 57,6988217648,eleni.georgiou462@mail.example,Student,German,EFKA
30000000462,Anastasia,Sotiriou,Georgios,17,FEMALE,24.26,192.36,Piraeus 40,6922801944,anastasia.sotiriou463@mail.example,Driver,Albanian,PRIVATE_A
30000000463,Michalis,Athanasiou,Nikolaos,69,MALE,14.21,116.59,Larisa 71,6913075384,michalis.athanasiou464@mail.example,Engineer,Italian,PRIVATE_A
30000000464,Christos,Athanasiou,Nikolaos,29,MALE,94.77,87.69,Athens 131,6946397561,christos.athanasiou465@mail.example,Farmer,Italian,EFKA
30000000465,Eleni,Nikolaou,Antonios,87,FEMALE,46.33,120.67,Athens 146,6919693957,eleni.nikolaou466@mail.example,Nurse,Bulgarian,EFKA
30000000466,Petros,Sotiriou,Ioannis,18,MALE,10.03,86.93,Piraeus 4,6919712124,petros.sotiriou467@mail.example,Engineer,Cypriot,PRIVATE_A
30000000467,Dimitris,Kostopoulos,Anastasios,87,MALE,93.64,124.85,Patras 148,6988978653,dimitris.kostopoulos468@mail.example,Retired,Italian,PRIVATE_A
30000000468,Panagiotis,Lazarou,Ioannis,45,MALE,62.46,114.16,Patras 145,6974700026,panagiotis.lazarou469@mail.example,Nurse,Bulgarian,EFKA
30000000469,Vasilis,Lazarou,Konstantinos,50,MALE,107.74,120.46,Athens 66,6950063553,vasilis.lazarou470@mail.example,Lawyer,Cypriot,EFKA
30000000470,Anna,Papadopoulos,Dimitrios,48,FEMALE,47.17,86.0,Piraeus 119,6963643159,anna.papadopoulos471@mail.example,Student,Romanian,PRIVATE_A
30000000471,Ioanna,Alexiou,Antonios,76,FEMALE,35.39,143.97,Patras 71,6997439464,ioanna.alexiou472@mail.example,Teacher,Romanian,PRIVATE_B
30000000472,Nikos,Papadopoulos,Antonios,58,MALE,22.46,154.87,Athens 123,6907548534,nikos.papadopoulos473@mail.example,Clerk,Albanian,EFKA
30000000473,Eleni,Georgiou,Nikolaos,27,FEMALE,90.19,124.99,Larisa 92,6989635957,eleni.georgiou474@mail.example,Teacher,Romanian,ARMED_FORCES
30000000474,Nikos,Vasiliou,Panagiotis,71,MALE,41.41,98.72,Patras 102,6963113885,nikos.vasiliou475@mail.example,Teacher,Cypriot,EFKA
30000000475,Michalis,Ioannou,Dimitrios,86,MALE,90.98,69.35,Piraeus 50,6947424631,michalis.ioannou476@mail.example,Teacher,Albanian,EFKA
30000000476,Vasiliki,Sotiriou,Antonios,7,FEMALE,25.13,169.61,Athens 125,6974174304,vasiliki.sotiriou477@mail.example,Retired,German,EFKA
30000000477,Spyros,Sotiriou,Panagiotis,7,MALE,26.3,170.96,Volos 72,6966527523,spyros.sotiriou478@mail.example,Retired,Cypriot,EFKA
30000000478,Giorgos,Georgiou,Ioannis,18,MALE,44.98,139.57,Athens 56,6930303346,giorgos.georgiou479@mail.example,Lawyer,Bulgarian,EFKA
30000000479,Christos,Dimitriou,Antonios,72,MALE,94.19,171.09,Piraeus 61,6903420284,christos.dimitriou480@mail.example,Lawyer,Greek,ARMED_FORCES
30000000480,Eleni,Konstantinou,Antonios,24,FEMALE,111.67,71.51,Patras 139,6938727258,eleni.konstantinou481@mail.example,Engineer,Cypriot,EFKA
30000000481,Giorgos,Nikolaou,Vasileios,59,MALE,116.19,70.46,Patras 142,6969017074,giorgos.nikolaou482@mail.example,Teacher,German,PRIVATE_A
30000000482,Panagiotis,Nikolaou,Antonios,80,MALE,77.13,155.28,Piraeus 82,6917122276,panagiotis.nikolaou483@mail.example,Student,Cypriot,EFKA
30000000483,Despoina,Sotiriou,Georgios,76,FEMALE,106.46,114.73,Piraeus 50,6908334447,despoina.sotiriou484@mail.example,Teacher,Albanian,EFKA
30000000484,Georgia,Konstantinou,Dimitrios,51,FEMALE,55.84,150.53,Piraeus 82,6963427775,georgia.konstantinou485@mail.example,Driver,Cypriot,ARMED_FORCES
30000000485,Sofia,Papadopoulos,Dimitrios,76,FEMALE,43.59,163.47,Volos 103,6936372629,sofia.papadopoulos486@mail.example,Student,Italian,PRIVATE_B
30000000486,Vasilis,Ioannou,Nikolaos,43,MALE,82.28,146.06,Athens 142,6951331380,vasilis.ioannou487@mail.example,Teacher,Albanian,PRIVATE_A
30000000487,Nikos,Lazarou,Nikolaos,23,MALE,103.26,77.27,Piraeus 20,6954815826,nikos.lazarou488@mail.example,Nurse,Bulgarian,EFKA
30000000488,Vasilis,Vasiliou,Georgios,18,MALE,101.76,152.58,Athens 100,6929877873,vasilis.vasiliou489@mail.example,Farmer,Romanian,EFKA
30000000489,Giorgos,Vasiliou,Nikolaos,6,MALE,39.84,144.53,Volos 56,6914789117,giorgos.vasiliou490@mail.example,Technician,Bulgarian,EFKA
30000000490,Stavros,Pavlidis,Ioannis,8,MALE,32.57,121.16,Larisa 6,6920005328,stavros.pavlidis491@mail.example,Farmer,Cypriot,EFKA
30000000491,Giorgos,Petrou,Ioannis,42,MALE,98.68,100.12,Volos 61,6980582692,giorgos.petrou492@mail.example,Technician,German,PRIVATE_A
30000000492,Vasiliki,Pavlidis,Anastasios,21,FEMALE,100.14,163.32,Piraeus 59,6928389633,vasiliki.pavlidis493@mail.example,Lawyer,Bulgarian,ARMED_FORCES
30000000493,Despoina,Nikolaou,Vasileios,52,FEMALE,27.83,124.13,Piraeus 112,6984101328,despoina.nikolaou494@mail.example,Driver,Cypriot,ARMED_FORCES
30000000494,Chrysoula,Konstantinou,Dimitrios,1,FEMALE,8.71,186.46,Volos 26,6943192797,chrysoula.konstantinou495@mail.example,Clerk,Greek,EFKA
30000000495,Andreas,Lazarou,Panagiotis,74,MALE,100.9,82.99,Larisa 53,6949899255,andreas.lazarou496@mail.example,Retired,Romanian,EFKA
30000000496,Katerina,Sotiriou,Antonios,53,FEMALE,55.38,193.5,Patras 17,6979967080,katerina.sotiriou497@mail.example,Nurse,German,PRIVATE_A
30000000497,Spyros,Dimitriou,Antonios,65,MALE,102.86,79.63,Larisa 63,6947853698,spyros.dimitriou498@mail.example,Nurse,Greek,ARMED_FORCES
30000000498,Evangelia,Papadopoulos,Panagiotis,22,FEMALE,21.25,180.39,Athens 42,6962706648,evangelia.papadopoulos499@mail.example,Technician,Greek,EFKA
30000000499,Georgia,Lazarou,Nikolaos,71,FEMALE,46.93,192.95,Piraeus 4,6927500030,georgia.lazarou500@mail.example,Farmer,Italian,EFKA
